2964,27/01/2026,3,9,15,17,30,60
2963,11/03/1996,4,5,30,33,41,52
2962,18/03/1996,9,37,39,41,43,49
2961,25/03/1996,10,11,29,30,36,47
2960,01/04/1996,1,5,6,27,42,59
2959,08/04/1996,1,2,6,16,19,46
2958,15/04/1996,7,13,19,22,40,47
2957,22/04/1996,3,5,20,21,38,56
2956,29/04/1996,4,17,37,38,47,53
2955,06/05/1996,8,43,54,55,56,60
2954,13/05/1996,4,18,21,25,38,57
2953,20/05/1996,15,25,37,38,58,59
2952,27/05/1996,4,16,19,20,27,43
2951,03/06/1996,18,32,47,50,54,56
2950,10/06/1996,2,16,23,27,47,53
2949,17/06/1996,12,33,35,51,52,60
2948,24/06/1996,20,32,34,49,58,60
2947,01/07/1996,6,10,13,19,20,51
2946,08/07/1996,23,27,36,37,42,56
2945,15/07/1996,5,10,12,24,25,60
2944,22/07/1996,11,25,28,30,33,51
2943,29/07/1996,6,33,36,46,49,53
2942,05/08/1996,1,9,31,38,46,56
2941,12/08/1996,17,37,39,51,52,59
2940,19/08/1996,1,8,14,28,33,43
2939,25/08/1996,24,43,50,54,55,56
2938,01/09/1996,10,22,50,53,57,58
2937,08/09/1996,13,17,20,33,44,51
2936,15/09/1996,3,6,22,24,54,60
2935,22/09/1996,3,8,14,43,56,58
2934,29/09/1996,7,14,15,29,38,50
2933,06/10/1996,17,19,28,45,48,56
2932,13/10/1996,5,14,33,36,43,44
2931,20/10/1996,5,17,33,39,42,49
2930,27/10/1996,13,15,17,40,53,57
2929,03/11/1996,4,16,21,23,54,57
2928,10/11/1996,3,13,17,25,29,51
2927,17/11/1996,6,7,22,38,52,60
2926,24/11/1996,10,42,43,45,54,55
2925,01/12/1996,12,16,37,45,52,56
2924,08/12/1996,3,5,8,12,46,47
2923,15/12/1996,12,26,35,38,39,47
2922,22/12/1996,7,11,19,24,33,36
2921,29/12/1996,2,6,17,25,26,58
2920,05/01/1997,14,18,29,38,44,47
2919,12/01/1997,7,30,37,44,53,55
2918,19/01/1997,1,23,24,32,46,60
2917,26/01/1997,3,17,25,35,48,56
2916,02/02/1997,2,5,28,34,47,50
2915,09/02/1997,7,13,33,35,43,55
2914,16/02/1997,6,16,21,44,57,58
2913,23/02/1997,17,23,24,25,42,47
2912,02/03/1997,15,30,38,46,58,59
2911,09/03/1997,3,13,16,38,42,46
2910,16/03/1997,5,9,18,21,36,56
2909,23/03/1997,2,14,23,29,38,52
2908,30/03/1997,2,7,20,35,51,59
2907,06/04/1997,7,16,17,27,34,59
2906,13/04/1997,12,27,30,37,44,49
2905,20/04/1997,2,8,13,28,34,54
2904,27/04/1997,3,14,15,20,21,38
2903,04/05/1997,8,18,29,42,44,59
2902,11/05/1997,6,8,13,24,31,52
2901,18/05/1997,9,25,26,40,41,49
2900,25/05/1997,8,12,23,50,54,60
2899,01/06/1997,1,5,20,25,32,34
2898,08/06/1997,12,13,15,26,33,48
2897,15/06/1997,12,14,17,27,47,52
2896,22/06/1997,1,3,12,13,53,59
2895,29/06/1997,25,34,45,53,56,58
2894,06/07/1997,17,23,27,40,43,58
2893,13/07/1997,16,27,33,43,45,53
2892,20/07/1997,1,19,34,43,44,48
2891,27/07/1997,25,26,28,45,51,57
2890,03/08/1997,2,24,34,37,38,50
2889,10/08/1997,21,24,35,36,37,49
2888,17/08/1997,8,17,18,23,33,53
2887,24/08/1997,21,29,40,49,54,57
2886,31/08/1997,12,22,25,31,32,46
2885,07/09/1997,2,13,17,25,31,43
2884,14/09/1997,23,28,37,40,48,51
2883,21/09/1997,10,23,41,47,54,60
2882,28/09/1997,15,18,29,36,51,53
2881,05/10/1997,4,15,16,24,42,57
2880,12/10/1997,4,6,10,25,34,40
2879,19/10/1997,6,15,30,37,45,47
2878,26/10/1997,6,21,22,34,36,54
2877,02/11/1997,4,5,11,28,32,40
2876,09/11/1997,4,18,29,37,43,45
2875,16/11/1997,13,34,42,44,55,59
2874,23/11/1997,9,21,26,40,52,54
2873,30/11/1997,2,4,10,35,39,60
2872,07/12/1997,1,3,5,23,24,51
2871,14/12/1997,2,22,28,31,36,53
2870,21/12/1997,8,18,28,51,52,55
2869,28/12/1997,6,40,45,46,50,60
2868,04/01/1998,4,7,26,40,42,58
2867,11/01/1998,5,11,14,35,53,56
2866,18/01/1998,13,14,31,33,35,43
2865,25/01/1998,11,24,30,33,46,60
2864,01/02/1998,14,29,30,46,48,51
2863,08/02/1998,1,18,29,31,37,39
2862,15/02/1998,19,20,37,42,44,56
2861,22/02/1998,1,7,9,49,54,57
2860,01/03/1998,1,4,13,21,38,52
2859,08/03/1998,3,13,31,43,46,49
2858,15/03/1998,5,16,24,35,38,39
2857,22/03/1998,2,4,16,24,51,52
2856,29/03/1998,21,24,29,34,59,60
2855,04/04/1998,1,13,44,48,49,54
2854,11/04/1998,18,31,43,52,57,58
2853,18/04/1998,4,22,25,32,33,52
2852,25/04/1998,12,20,34,37,42,43
2851,02/05/1998,7,26,28,34,54,55
2850,09/05/1998,6,12,18,37,47,54
2849,16/05/1998,4,6,14,20,24,38
2848,23/05/1998,5,13,32,36,42,51
2847,30/05/1998,20,25,27,33,42,53
2846,06/06/1998,9,22,25,37,56,57
2845,13/06/1998,1,21,36,38,47,50
2844,20/06/1998,3,16,27,40,45,46
2843,27/06/1998,2,29,41,44,53,55
2842,04/07/1998,11,17,20,39,43,53
2841,11/07/1998,13,14,16,26,32,42
2840,18/07/1998,5,15,34,41,52,57
2839,25/07/1998,25,41,47,53,56,59
2838,01/08/1998,6,10,11,28,32,40
2837,08/08/1998,21,29,50,51,54,59
2836,15/08/1998,3,9,18,21,23,43
2835,22/08/1998,1,9,10,32,46,54
2834,29/08/1998,13,29,38,42,49,53
2833,05/09/1998,4,9,17,27,30,44
2832,12/09/1998,7,9,35,41,44,50
2831,19/09/1998,5,6,19,34,39,57
2830,26/09/1998,4,25,32,36,52,60
2829,03/10/1998,21,22,35,40,53,59
2828,10/10/1998,1,17,25,38,45,59
2827,17/10/1998,15,16,19,22,26,49
2826,24/10/1998,5,14,27,37,40,41
2825,31/10/1998,3,13,26,27,41,42
2824,07/11/1998,7,31,41,44,46,55
2823,14/11/1998,10,13,22,41,42,58
2822,21/11/1998,8,15,19,20,54,59
2821,28/11/1998,6,18,20,40,50,53
2820,05/12/1998,8,32,36,44,45,55
2819,12/12/1998,15,16,31,41,43,51
2818,19/12/1998,25,32,34,42,51,60
2817,24/12/1998,6,16,23,24,28,38
2816,31/12/1998,32,35,41,55,58,59
2815,09/01/1999,7,11,20,28,45,48
2814,16/01/1999,12,44,50,52,54,55
2813,23/01/1999,3,16,20,43,52,56
2812,30/01/1999,5,12,15,29,51,58
2811,06/02/1999,2,30,31,42,45,47
2810,13/02/1999,8,10,24,33,45,48
2809,20/02/1999,12,30,32,35,43,44
2808,27/02/1999,17,23,42,49,52,55
2807,06/03/1999,4,13,17,21,41,44
2806,13/03/1999,4,14,17,43,51,58
2805,20/03/1999,9,11,16,35,50,58
2804,27/03/1999,2,13,42,52,54,58
2803,03/04/1999,6,25,30,37,39,41
2802,10/04/1999,21,23,33,38,48,51
2801,17/04/1999,8,27,36,41,53,56
2800,24/04/1999,4,10,14,19,28,44
2799,01/05/1999,10,19,23,35,39,56
2798,08/05/1999,12,13,22,57,59,60
2797,15/05/1999,1,11,28,33,38,48
2796,22/05/1999,2,9,31,35,45,50
2795,29/05/1999,1,13,21,37,51,52
2794,05/06/1999,7,41,46,51,55,58
2793,12/06/1999,4,27,40,43,46,54
2792,19/06/1999,10,14,26,35,36,49
2791,26/06/1999,17,28,29,42,49,50
2790,03/07/1999,11,22,23,36,52,59
2789,10/07/1999,1,10,13,20,42,50
2788,17/07/1999,1,3,4,28,45,53
2787,24/07/1999,22,35,38,39,41,59
2786,31/07/1999,5,15,19,26,27,33
2785,07/08/1999,5,6,23,26,27,53
2784,14/08/1999,6,23,29,39,51,60
2783,21/08/1999,1,27,33,35,51,55
2782,28/08/1999,3,5,10,28,46,60
2781,04/09/1999,2,7,11,16,40,44
2780,11/09/1999,9,16,21,34,41,60
2779,18/09/1999,17,22,43,46,55,59
2778,25/09/1999,14,23,24,25,26,51
2777,02/10/1999,6,36,41,44,48,58
2776,10/10/1999,17,27,34,42,43,46
2775,16/10/1999,4,15,31,38,41,53
2774,24/10/1999,5,10,21,32,40,42
2773,31/10/1999,1,3,5,23,41,58
2772,06/11/1999,1,26,28,41,54,60
2771,13/11/1999,4,11,12,19,43,49
2770,20/11/1999,25,28,32,33,42,43
2769,27/11/1999,3,9,17,32,37,44
2768,04/12/1999,7,9,14,17,24,32
2767,11/12/1999,5,12,15,19,29,52
2766,18/12/1999,1,8,18,23,35,40
2765,24/12/1999,10,16,37,50,52,57
2764,31/12/1999,12,15,19,34,44,51
2763,08/01/2000,5,20,22,30,35,55
2762,15/01/2000,12,24,44,45,49,53
2761,22/01/2000,11,19,29,44,47,55
2760,29/01/2000,29,31,39,41,51,58
2759,05/02/2000,26,32,40,43,46,54
2758,12/02/2000,18,20,26,34,51,56
2757,19/02/2000,3,7,19,24,53,55
2756,26/02/2000,15,23,24,25,47,57
2755,04/03/2000,13,21,26,32,41,52
2754,11/03/2000,20,32,37,38,48,58
2753,18/03/2000,10,20,33,40,45,50
2752,25/03/2000,6,15,29,45,57,59
2751,01/04/2000,3,9,23,30,32,35
2750,08/04/2000,6,12,30,31,35,50
2749,15/04/2000,7,28,37,46,53,58
2748,22/04/2000,14,18,30,35,42,59
2747,29/04/2000,3,27,32,45,49,51
2746,06/05/2000,12,17,40,42,47,54
2745,13/05/2000,23,26,28,36,42,49
2744,20/05/2000,13,14,36,53,55,60
2743,27/05/2000,13,27,43,50,54,58
2742,03/06/2000,5,19,30,48,52,55
2741,10/06/2000,2,6,22,24,28,58
2740,17/06/2000,7,16,18,20,21,44
2739,24/06/2000,2,4,16,21,37,58
2738,01/07/2000,1,2,38,49,50,59
2737,08/07/2000,11,26,27,37,42,48
2736,15/07/2000,13,16,40,43,45,59
2735,22/07/2000,11,13,21,33,39,45
2734,29/07/2000,8,40,41,44,53,56
2733,05/08/2000,16,27,36,42,44,59
2732,12/08/2000,19,22,29,37,41,59
2731,19/08/2000,3,7,24,32,36,45
2730,26/08/2000,15,25,41,42,45,54
2729,02/09/2000,2,22,29,31,41,55
2728,09/09/2000,10,25,50,52,57,60
2727,16/09/2000,7,31,36,45,56,57
2726,23/09/2000,9,13,15,37,41,42
2725,30/09/2000,6,21,33,44,46,47
2724,07/10/2000,25,28,38,41,57,59
2723,14/10/2000,11,31,35,40,56,57
2722,21/10/2000,4,7,21,22,28,56
2721,28/10/2000,11,16,20,23,32,47
2720,04/11/2000,19,24,33,47,50,60
2719,11/11/2000,8,27,44,51,53,60
2718,18/11/2000,2,16,32,37,43,57
2717,25/11/2000,3,10,23,30,34,46
2716,02/12/2000,16,32,34,35,41,56
2715,09/12/2000,21,36,40,49,54,55
2714,16/12/2000,7,25,41,42,43,55
2713,23/12/2000,15,23,30,34,49,55
2712,30/12/2000,4,17,26,32,51,54
2711,06/01/2001,11,12,24,37,44,56
2710,13/01/2001,1,4,21,22,30,56
2709,20/01/2001,16,19,20,32,44,55
2708,27/01/2001,2,21,26,32,34,52
2707,03/02/2001,1,4,5,19,28,34
2706,10/02/2001,7,12,50,54,55,60
2705,17/02/2001,13,15,20,33,43,58
2704,24/02/2001,4,6,33,43,59,60
2703,03/03/2001,5,16,20,30,54,56
2702,10/03/2001,11,20,48,53,58,60
2701,17/03/2001,8,9,26,43,50,53
2700,24/03/2001,1,5,13,25,31,33
2699,31/03/2001,7,16,34,41,50,53
2698,07/04/2001,2,23,38,46,48,54
2697,14/04/2001,1,8,45,46,55,58
2696,21/04/2001,5,6,10,21,33,47
2695,28/04/2001,17,18,19,25,49,52
2694,05/05/2001,5,9,27,35,40,45
2693,12/05/2001,14,24,26,29,31,54
2692,19/05/2001,9,10,24,36,56,58
2691,26/05/2001,10,17,23,27,47,52
2690,02/06/2001,11,13,18,26,39,47
2689,09/06/2001,16,19,30,37,38,48
2688,16/06/2001,22,39,45,53,57,59
2687,23/06/2001,4,26,38,40,52,56
2686,30/06/2001,10,15,18,22,31,55
2685,07/07/2001,4,23,31,47,58,59
2684,14/07/2001,5,16,20,25,30,58
2683,21/07/2001,5,11,31,38,47,53
2682,28/07/2001,9,14,23,24,33,36
2681,01/08/2001,25,28,34,42,48,54
2680,04/08/2001,7,8,14,30,32,36
2679,08/08/2001,12,32,37,41,50,56
2678,11/08/2001,29,35,37,44,47,56
2677,15/08/2001,3,13,25,33,47,60
2676,18/08/2001,6,9,11,17,18,50
2675,22/08/2001,6,7,20,25,30,36
2674,25/08/2001,7,25,26,30,40,57
2673,29/08/2001,5,16,17,18,22,41
2672,01/09/2001,13,23,24,34,45,53
2671,05/09/2001,5,6,7,12,28,35
2670,08/09/2001,22,25,28,41,45,57
2669,12/09/2001,7,12,24,31,44,50
2668,15/09/2001,3,20,42,46,51,52
2667,19/09/2001,1,20,28,33,36,41
2666,22/09/2001,5,22,23,24,34,60
2665,26/09/2001,2,5,7,33,49,53
2664,29/09/2001,24,27,28,38,41,57
2663,03/10/2001,9,26,48,49,57,58
2662,06/10/2001,12,25,30,40,41,60
2661,10/10/2001,7,13,17,30,37,47
2660,13/10/2001,7,11,34,41,42,59
2659,17/10/2001,5,11,27,38,53,60
2658,20/10/2001,19,30,41,47,56,57
2657,24/10/2001,13,16,17,26,41,44
2656,27/10/2001,4,11,25,29,39,55
2655,31/10/2001,4,11,25,39,50,55
2654,03/11/2001,2,14,28,29,31,32
2653,07/11/2001,22,24,30,32,38,41
2652,10/11/2001,14,23,30,41,47,50
2651,14/11/2001,14,16,24,37,38,53
2650,17/11/2001,5,32,34,37,40,58
2649,21/11/2001,12,21,22,28,43,50
2648,24/11/2001,6,24,28,43,51,56
2647,28/11/2001,16,20,27,30,35,48
2646,01/12/2001,3,19,20,31,40,53
2645,05/12/2001,12,16,17,19,23,48
2644,08/12/2001,20,22,27,47,50,53
2643,12/12/2001,4,11,31,32,48,49
2642,15/12/2001,11,18,29,44,47,56
2641,19/12/2001,26,31,33,40,49,54
2640,22/12/2001,8,15,22,25,30,47
2639,29/12/2001,1,3,4,21,23,53
2638,05/01/2002,21,23,40,44,51,52
2637,09/01/2002,29,32,33,38,46,48
2636,12/01/2002,5,7,14,21,23,51
2635,16/01/2002,10,11,12,24,35,40
2634,19/01/2002,2,4,14,23,37,51
2633,23/01/2002,1,13,20,27,35,37
2632,26/01/2002,23,28,29,34,42,44
2631,30/01/2002,4,27,35,44,52,53
2630,02/02/2002,14,23,24,26,41,51
2629,06/02/2002,7,23,33,43,57,59
2628,09/02/2002,2,18,22,26,30,54
2627,16/02/2002,4,14,16,31,52,54
2626,20/02/2002,1,4,9,36,46,48
2625,23/02/2002,5,12,13,16,27,50
2624,27/02/2002,9,10,12,33,42,60
2623,02/03/2002,5,16,22,23,43,56
2622,06/03/2002,16,29,34,49,51,54
2621,09/03/2002,4,6,7,12,24,41
2620,13/03/2002,10,12,14,33,35,36
2619,16/03/2002,11,22,46,51,56,58
2618,20/03/2002,7,12,41,46,56,60
2617,23/03/2002,1,10,12,26,48,52
2616,27/03/2002,19,30,33,39,40,52
2615,30/03/2002,8,9,28,32,38,54
2614,03/04/2002,10,15,23,30,43,57
2613,06/04/2002,15,16,24,41,59,60
2612,10/04/2002,7,20,25,44,47,49
2611,13/04/2002,19,23,30,46,55,60
2610,17/04/2002,7,16,38,40,41,52
2609,20/04/2002,2,14,22,23,37,60
2608,24/04/2002,5,19,21,54,56,58
2607,27/04/2002,2,30,32,35,45,53
2606,04/05/2002,12,17,21,32,40,42
2605,08/05/2002,13,19,20,29,31,54
2604,11/05/2002,23,24,29,47,53,55
2603,15/05/2002,16,28,31,41,45,59
2602,18/05/2002,7,20,33,37,46,56
2601,22/05/2002,19,29,39,47,49,54
2600,25/05/2002,5,29,44,51,57,59
2599,29/05/2002,19,23,34,37,52,58
2598,01/06/2002,4,6,7,15,21,51
2597,05/06/2002,10,12,27,33,49,52
2596,08/06/2002,13,29,32,38,44,50
2595,12/06/2002,1,14,21,35,42,60
2594,15/06/2002,1,4,40,42,51,54
2593,19/06/2002,4,18,23,33,39,60
2592,22/06/2002,16,17,24,39,46,57
2591,26/06/2002,1,5,10,24,31,33
2590,29/06/2002,2,5,16,26,44,54
2589,03/07/2002,1,5,9,42,51,58
2588,06/07/2002,10,13,25,35,43,48
2587,10/07/2002,3,12,19,27,45,46
2586,13/07/2002,5,38,41,45,48,55
2585,17/07/2002,24,33,40,41,55,59
2584,20/07/2002,13,22,30,31,47,57
2583,24/07/2002,9,10,28,46,55,56
2582,27/07/2002,31,34,37,38,53,54
2581,31/07/2002,14,22,48,50,53,56
2580,03/08/2002,24,28,40,47,50,52
2579,07/08/2002,5,12,16,18,22,24
2578,10/08/2002,17,35,36,39,43,54
2577,14/08/2002,22,28,29,43,47,48
2576,17/08/2002,23,36,48,52,53,58
2575,21/08/2002,5,14,18,43,46,54
2574,24/08/2002,7,12,22,34,38,53
2573,28/08/2002,4,7,15,16,35,40
2572,31/08/2002,15,23,31,39,47,49
2571,04/09/2002,6,12,35,36,40,50
2570,07/09/2002,5,15,35,42,45,49
2569,11/09/2002,10,11,14,20,31,58
2568,14/09/2002,6,18,34,42,45,47
2567,18/09/2002,1,2,5,24,32,46
2566,21/09/2002,7,16,22,28,36,37
2565,25/09/2002,11,16,27,47,55,59
2564,28/09/2002,10,13,28,29,54,59
2563,02/10/2002,11,18,43,44,50,53
2562,05/10/2002,5,16,27,43,56,58
2561,09/10/2002,7,16,27,31,46,60
2560,12/10/2002,1,24,28,38,40,58
2559,16/10/2002,24,29,34,47,57,60
2558,19/10/2002,2,12,32,38,47,48
2557,23/10/2002,2,18,22,49,51,57
2556,26/10/2002,14,28,33,44,49,56
2555,30/10/2002,18,25,26,31,34,49
2554,02/11/2002,8,24,31,36,38,55
2553,06/11/2002,10,12,31,38,45,56
2552,09/11/2002,5,12,14,21,45,59
2551,13/11/2002,2,4,29,33,35,53
2550,16/11/2002,16,26,35,45,52,58
2549,20/11/2002,1,4,27,38,42,44
2548,23/11/2002,1,13,23,33,54,56
2547,27/11/2002,7,12,21,25,34,42
2546,30/11/2002,8,15,32,45,49,52
2545,04/12/2002,9,16,41,42,52,53
2544,07/12/2002,12,29,30,43,57,59
2543,11/12/2002,5,35,37,38,45,51
2542,14/12/2002,12,37,43,55,56,60
2541,18/12/2002,8,22,32,33,40,53
2540,21/12/2002,18,27,29,36,46,59
2539,28/12/2002,6,10,16,34,42,47
2538,04/01/2003,7,30,32,37,50,54
2537,08/01/2003,3,13,14,24,43,51
2536,11/01/2003,8,28,30,32,46,60
2535,15/01/2003,17,26,32,36,43,55
2534,18/01/2003,8,10,21,25,38,50
2533,22/01/2003,26,37,40,47,52,58
2532,25/01/2003,4,13,17,27,39,50
2531,29/01/2003,16,17,28,30,36,54
2530,01/02/2003,4,10,17,24,30,54
2529,05/02/2003,10,11,17,31,37,43
2528,08/02/2003,1,6,7,29,48,57
2527,12/02/2003,7,10,30,44,54,59
2526,15/02/2003,3,5,11,14,38,48
2525,19/02/2003,13,20,29,42,43,57
2524,22/02/2003,3,5,23,30,46,47
2523,26/02/2003,2,10,15,21,58,59
2522,01/03/2003,6,15,23,31,37,59
2521,08/03/2003,11,17,26,36,48,52
2520,12/03/2003,3,24,33,48,52,57
2519,15/03/2003,7,20,31,32,50,53
2518,19/03/2003,8,11,12,17,20,47
2517,22/03/2003,15,24,25,33,42,55
2516,26/03/2003,3,5,9,45,51,52
2515,29/03/2003,1,8,24,34,49,56
2514,02/04/2003,1,9,13,50,51,59
2513,05/04/2003,17,18,23,28,31,53
2512,09/04/2003,11,16,30,36,51,54
2511,12/04/2003,8,20,23,34,52,58
2510,16/04/2003,4,17,24,42,46,56
2509,19/04/2003,2,14,15,17,50,59
2508,23/04/2003,3,17,22,27,33,40
2507,26/04/2003,15,17,24,27,32,48
2506,30/04/2003,13,24,32,34,43,53
2505,03/05/2003,8,15,17,39,43,49
2504,07/05/2003,19,23,30,37,49,55
2503,10/05/2003,15,17,20,29,30,60
2502,14/05/2003,17,19,22,26,27,48
2501,17/05/2003,2,3,7,18,45,53
2500,21/05/2003,6,24,33,38,45,50
2499,24/05/2003,1,22,31,46,51,57
2498,28/05/2003,11,16,28,29,30,45
2497,31/05/2003,8,18,21,22,38,60
2496,04/06/2003,5,6,23,25,39,51
2495,07/06/2003,13,21,26,29,42,47
2494,11/06/2003,8,11,23,37,51,58
2493,14/06/2003,5,31,32,36,51,59
2492,18/06/2003,3,4,12,29,38,51
2491,21/06/2003,7,23,41,49,51,58
2490,25/06/2003,3,12,32,34,40,50
2489,28/06/2003,6,8,19,22,43,52
2488,02/07/2003,17,20,38,43,55,58
2487,05/07/2003,6,8,18,34,38,47
2486,09/07/2003,3,8,21,25,30,31
2485,12/07/2003,20,26,41,46,54,58
2484,16/07/2003,14,33,36,38,41,49
2483,19/07/2003,6,13,22,24,42,44
2482,23/07/2003,12,13,33,53,54,56
2481,26/07/2003,16,18,23,35,44,59
2480,30/07/2003,17,18,19,38,49,53
2479,02/08/2003,19,28,30,38,52,57
2478,06/08/2003,8,14,19,30,42,50
2477,09/08/2003,8,22,25,48,52,54
2476,13/08/2003,15,30,35,39,43,57
2475,16/08/2003,17,28,33,36,53,59
2474,20/08/2003,5,11,23,29,54,58
2473,23/08/2003,1,9,15,22,43,55
2472,27/08/2003,2,6,15,18,56,57
2471,30/08/2003,3,18,20,24,42,54
2470,03/09/2003,18,20,28,32,49,53
2469,06/09/2003,8,15,29,36,49,60
2468,10/09/2003,10,19,20,29,41,59
2467,13/09/2003,9,13,20,32,41,58
2466,17/09/2003,2,6,28,49,50,57
2465,20/09/2003,1,4,5,11,44,59
2464,27/09/2003,21,29,35,36,38,54
2463,01/10/2003,16,27,28,34,39,56
2462,04/10/2003,7,13,21,24,33,50
2461,08/10/2003,7,10,21,27,48,49
2460,11/10/2003,8,11,19,30,39,50
2459,15/10/2003,3,20,28,46,47,52
2458,18/10/2003,4,15,31,34,37,38
2457,22/10/2003,3,5,27,33,44,58
2456,25/10/2003,5,10,15,45,46,56
2455,29/10/2003,28,32,33,34,35,55
2454,01/11/2003,1,4,30,41,45,58
2453,05/11/2003,3,4,8,34,36,37
2452,08/11/2003,4,8,31,40,53,58
2451,12/11/2003,10,19,27,33,39,46
2450,15/11/2003,15,36,40,42,51,52
2449,19/11/2003,15,16,39,45,48,57
2448,22/11/2003,5,13,24,33,34,35
2447,26/11/2003,7,8,28,32,38,51
2446,29/11/2003,5,8,10,15,18,44
2445,03/12/2003,9,15,19,22,36,42
2444,06/12/2003,9,12,17,32,34,35
2443,10/12/2003,15,25,28,32,38,45
2442,13/12/2003,6,14,15,25,49,52
2441,17/12/2003,28,39,40,44,45,58
2440,20/12/2003,19,29,34,41,47,48
2439,27/12/2003,8,10,24,26,32,49
2438,03/01/2004,3,21,31,36,55,59
2437,07/01/2004,6,14,17,26,50,52
2436,10/01/2004,8,12,28,31,34,37
2435,14/01/2004,1,13,33,38,45,56
2434,17/01/2004,1,6,21,25,32,49
2433,21/01/2004,1,3,7,18,35,50
2432,24/01/2004,4,9,12,13,52,53
2431,28/01/2004,13,18,21,27,53,59
2430,31/01/2004,3,8,23,31,48,57
2429,04/02/2004,6,14,28,47,49,56
2428,07/02/2004,14,15,22,23,25,37
2427,11/02/2004,3,7,19,34,37,39
2426,14/02/2004,3,25,43,45,52,56
2425,18/02/2004,6,16,19,47,50,55
2424,21/02/2004,4,22,28,30,44,49
2423,28/02/2004,13,27,49,52,57,58
2422,03/03/2004,4,6,19,28,35,49
2421,06/03/2004,35,37,42,46,49,54
2420,10/03/2004,11,17,33,34,47,56
2419,13/03/2004,17,29,35,40,43,57
2418,17/03/2004,4,5,13,17,46,54
2417,20/03/2004,4,13,28,30,53,59
2416,24/03/2004,14,47,49,51,58,59
2415,27/03/2004,8,13,22,46,51,58
2414,31/03/2004,16,17,38,39,45,56
2413,03/04/2004,12,21,46,48,56,57
2412,07/04/2004,9,22,47,49,52,54
2411,10/04/2004,4,43,46,53,54,58
2410,14/04/2004,15,29,31,42,47,60
2409,17/04/2004,5,23,31,33,45,49
2408,21/04/2004,8,10,17,30,33,45
2407,24/04/2004,8,12,18,23,38,49
2406,28/04/2004,7,14,31,57,58,59
2405,01/05/2004,6,13,17,25,36,53
2404,05/05/2004,2,11,18,30,32,58
2403,08/05/2004,1,20,36,39,49,55
2402,12/05/2004,16,23,35,37,55,57
2401,15/05/2004,5,8,23,34,44,51
2400,19/05/2004,10,13,20,32,38,49
2399,22/05/2004,7,31,34,35,37,45
2398,26/05/2004,6,13,17,18,20,37
2397,29/05/2004,11,31,38,41,57,58
2396,02/06/2004,13,17,22,25,29,41
2395,05/06/2004,3,9,14,15,32,57
2394,09/06/2004,15,32,33,35,36,51
2393,12/06/2004,12,13,14,31,50,51
2392,16/06/2004,3,9,16,20,33,60
2391,19/06/2004,6,17,22,29,40,59
2390,23/06/2004,2,10,17,23,32,44
2389,26/06/2004,5,18,21,29,35,48
2388,30/06/2004,7,8,18,39,43,52
2387,03/07/2004,8,23,24,28,31,47
2386,07/07/2004,3,18,23,48,56,58
2385,10/07/2004,4,9,15,17,34,39
2384,14/07/2004,15,16,18,28,38,47
2383,17/07/2004,14,17,25,30,39,52
2382,21/07/2004,13,29,40,45,51,59
2381,24/07/2004,6,7,20,41,43,55
2380,28/07/2004,7,8,23,30,32,53
2379,31/07/2004,12,24,33,36,39,57
2378,04/08/2004,11,13,38,39,45,54
2377,07/08/2004,2,18,29,30,36,60
2376,11/08/2004,11,13,45,46,53,55
2375,14/08/2004,6,7,8,13,33,59
2374,18/08/2004,4,5,18,25,28,51
2373,21/08/2004,1,3,18,34,50,58
2372,25/08/2004,13,14,42,47,55,59
2371,28/08/2004,1,25,27,29,49,59
2370,01/09/2004,10,13,29,47,53,55
2369,04/09/2004,1,2,25,43,50,54
2368,08/09/2004,11,14,28,43,54,60
2367,11/09/2004,22,27,29,40,42,56
2366,15/09/2004,5,16,34,38,50,53
2365,18/09/2004,4,6,9,23,45,51
2364,22/09/2004,16,18,31,34,39,54
2363,25/09/2004,10,19,22,29,30,37
2362,29/09/2004,7,13,38,46,55,60
2361,02/10/2004,4,8,11,12,29,44
2360,06/10/2004,15,25,41,46,49,51
2359,09/10/2004,4,24,44,49,52,53
2358,13/10/2004,6,23,32,35,41,55
2357,16/10/2004,6,11,19,27,41,59
2356,20/10/2004,6,13,19,24,30,37
2355,23/10/2004,2,6,15,58,59,60
2354,27/10/2004,25,30,43,45,47,49
2353,30/10/2004,16,21,22,33,48,49
2352,03/11/2004,15,18,33,50,53,55
2351,06/11/2004,6,13,19,44,54,55
2350,10/11/2004,12,16,31,48,57,60
2349,13/11/2004,5,8,10,27,31,51
2348,17/11/2004,2,12,16,24,26,54
2347,20/11/2004,3,5,25,33,36,49
2346,24/11/2004,3,8,10,13,24,60
2345,27/11/2004,8,12,14,16,19,46
2344,01/12/2004,1,3,13,22,29,32
2343,04/12/2004,26,29,31,49,50,57
2342,08/12/2004,19,27,29,38,50,59
2341,11/12/2004,9,23,30,42,49,55
2340,15/12/2004,8,23,34,39,43,52
2339,18/12/2004,12,24,32,40,42,59
2338,22/12/2004,7,8,18,22,39,49
2337,29/12/2004,1,13,19,45,56,58
2336,05/01/2005,8,16,22,30,56,58
2335,08/01/2005,15,16,39,40,47,51
2334,12/01/2005,12,16,20,45,53,60
2333,15/01/2005,1,20,28,32,44,47
2332,19/01/2005,2,19,28,48,51,54
2331,22/01/2005,5,11,22,27,46,50
2330,26/01/2005,10,13,24,41,42,56
2329,29/01/2005,8,20,26,37,42,49
2328,02/02/2005,26,28,30,32,34,50
2327,05/02/2005,11,18,43,48,52,58
2326,12/02/2005,10,11,36,41,42,50
2325,16/02/2005,13,35,39,45,51,60
2324,19/02/2005,12,19,42,46,59,60
2323,23/02/2005,1,9,13,17,33,34
2322,26/02/2005,17,36,40,44,51,56
2321,02/03/2005,14,24,37,40,42,45
2320,05/03/2005,14,27,29,31,34,57
2319,09/03/2005,3,24,48,52,53,54
2318,12/03/2005,10,13,32,47,49,60
2317,16/03/2005,11,12,14,19,54,56
2316,19/03/2005,5,23,29,42,45,48
2315,23/03/2005,9,24,33,41,48,54
2314,26/03/2005,10,24,25,29,53,59
2313,30/03/2005,26,28,39,45,48,60
2312,02/04/2005,10,18,20,24,56,57
2311,06/04/2005,5,9,19,24,31,34
2310,09/04/2005,6,10,11,40,41,56
2309,13/04/2005,1,26,37,39,43,48
2308,16/04/2005,35,36,37,46,51,59
2307,20/04/2005,16,20,33,58,59,60
2306,23/04/2005,3,6,11,20,36,41
2305,27/04/2005,14,29,34,40,51,52
2304,30/04/2005,5,11,38,46,53,54
2303,04/05/2005,4,27,36,40,42,55
2302,07/05/2005,4,18,23,25,56,60
2301,11/05/2005,1,27,30,49,51,55
2300,14/05/2005,1,12,36,38,55,59
2299,18/05/2005,7,8,18,25,47,48
2298,21/05/2005,7,16,26,29,45,55
2297,25/05/2005,1,4,5,16,23,49
2296,28/05/2005,1,2,14,33,49,56
2295,01/06/2005,7,24,27,40,41,49
2294,04/06/2005,22,37,42,48,58,59
2293,08/06/2005,9,16,27,38,39,51
2292,11/06/2005,24,28,34,38,43,53
2291,15/06/2005,6,11,20,34,37,40
2290,18/06/2005,18,22,29,32,38,42
2289,22/06/2005,24,25,30,42,43,50
2288,25/06/2005,9,15,32,41,42,49
2287,29/06/2005,8,10,25,32,48,55
2286,02/07/2005,14,31,40,42,44,46
2285,06/07/2005,3,21,25,37,54,58
2284,09/07/2005,2,3,5,22,26,44
2283,13/07/2005,21,25,38,53,58,59
2282,16/07/2005,4,27,36,37,47,60
2281,20/07/2005,2,11,12,35,40,43
2280,23/07/2005,17,19,33,37,40,50
2279,27/07/2005,5,12,27,33,43,56
2278,30/07/2005,4,5,15,26,33,54
2277,03/08/2005,1,7,14,41,48,59
2276,06/08/2005,11,21,30,35,47,52
2275,10/08/2005,6,7,31,49,51,60
2274,13/08/2005,8,12,15,41,47,53
2273,17/08/2005,8,16,37,50,55,58
2272,20/08/2005,11,18,33,57,58,60
2271,24/08/2005,13,14,17,31,41,50
2270,27/08/2005,15,19,29,37,41,53
2269,31/08/2005,6,11,13,21,40,52
2268,03/09/2005,9,16,34,37,53,57
2267,10/09/2005,28,31,32,35,51,53
2266,14/09/2005,8,12,22,27,43,55
2265,19/09/2005,17,23,48,50,53,54
2264,21/09/2005,2,3,14,24,31,40
2263,24/09/2005,1,13,23,31,48,60
2262,28/09/2005,1,18,45,56,57,58
2261,01/10/2005,2,11,24,27,30,45
2260,05/10/2005,2,4,18,27,34,50
2259,08/10/2005,3,11,13,15,26,43
2258,15/10/2005,2,7,10,17,22,60
2257,19/10/2005,1,8,10,36,43,51
2256,22/10/2005,7,9,13,39,45,47
2255,26/10/2005,4,6,9,22,29,44
2254,29/10/2005,5,25,34,39,46,49
2253,05/11/2005,5,10,33,40,41,59
2252,09/11/2005,7,8,35,43,53,58
2251,12/11/2005,1,12,16,26,46,54
2250,16/11/2005,7,8,17,35,39,53
2249,19/11/2005,4,12,24,33,36,54
2248,23/11/2005,2,7,16,29,32,50
2247,26/11/2005,6,17,23,28,35,41
2246,30/11/2005,7,21,33,35,39,58
2245,03/12/2005,3,32,37,39,47,53
2244,07/12/2005,12,31,44,51,54,56
2243,10/12/2005,3,14,23,25,36,55
2242,14/12/2005,9,18,36,44,57,60
2241,17/12/2005,1,6,16,36,50,52
2240,21/12/2005,17,27,34,48,51,55
2239,31/12/2005,3,9,35,37,41,49
2238,04/01/2006,1,5,7,37,40,47
2237,07/01/2006,4,12,14,30,42,59
2236,11/01/2006,8,13,24,32,42,44
2235,14/01/2006,5,18,33,43,56,57
2234,18/01/2006,2,15,16,45,50,54
2233,21/01/2006,6,15,16,23,28,35
2232,25/01/2006,6,17,19,49,50,53
2231,28/01/2006,2,12,26,31,43,46
2230,01/02/2006,27,29,43,44,45,54
2229,04/02/2006,9,15,38,40,42,52
2228,08/02/2006,1,21,38,41,49,56
2227,11/02/2006,11,12,24,32,33,38
2226,15/02/2006,14,15,26,30,42,54
2225,18/02/2006,6,10,35,45,49,56
2224,22/02/2006,12,16,28,29,47,50
2223,25/02/2006,24,26,27,36,39,59
2222,01/03/2006,2,7,17,34,41,50
2221,04/03/2006,20,23,25,32,54,60
2220,08/03/2006,4,12,23,26,39,46
2219,11/03/2006,2,16,21,37,43,57
2218,15/03/2006,1,10,12,25,49,57
2217,18/03/2006,2,3,12,21,23,56
2216,22/03/2006,1,2,7,19,35,51
2215,25/03/2006,4,24,47,48,50,57
2214,29/03/2006,10,17,33,42,54,58
2213,01/04/2006,4,7,20,25,38,50
2212,05/04/2006,4,23,24,25,29,42
2211,08/04/2006,2,7,22,35,43,59
2210,12/04/2006,3,4,13,34,42,50
2209,15/04/2006,4,12,30,47,49,59
2208,19/04/2006,5,27,37,38,41,50
2207,22/04/2006,12,17,18,30,32,58
2206,26/04/2006,1,23,36,43,47,59
2205,29/04/2006,30,31,39,45,48,59
2204,03/05/2006,12,17,44,45,46,60
2203,06/05/2006,13,17,27,29,40,56
2202,10/05/2006,9,12,21,37,39,54
2201,13/05/2006,1,9,26,40,47,48
2200,18/05/2006,3,7,45,47,53,55
2199,21/05/2006,3,10,16,30,37,50
2198,24/05/2006,1,19,24,42,50,58
2197,27/05/2006,15,22,32,38,50,54
2196,31/05/2006,4,8,30,33,37,59
2195,03/06/2006,12,16,20,21,29,50
2194,07/06/2006,4,12,25,34,35,48
2193,10/06/2006,14,21,29,34,46,47
2192,14/06/2006,10,35,38,51,52,60
2191,17/06/2006,3,5,14,29,34,51
2190,21/06/2006,5,10,37,46,54,58
2189,24/06/2006,12,27,42,46,47,50
2188,28/06/2006,3,15,35,41,57,60
2187,01/07/2006,2,14,23,28,50,56
2186,05/07/2006,20,31,36,37,45,51
2185,08/07/2006,25,26,29,36,52,54
2184,12/07/2006,7,10,28,50,51,59
2183,15/07/2006,8,10,13,39,54,56
2182,19/07/2006,2,11,23,35,42,59
2181,22/07/2006,4,8,21,32,43,48
2180,26/07/2006,8,27,37,42,53,56
2179,29/07/2006,5,8,17,35,37,48
2178,02/08/2006,10,11,26,27,31,41
2177,05/08/2006,20,31,34,37,54,60
2176,09/08/2006,17,19,29,31,44,57
2175,12/08/2006,6,31,38,39,50,60
2174,16/08/2006,2,6,19,22,28,43
2173,19/08/2006,9,14,19,35,42,58
2172,23/08/2006,9,29,34,43,45,56
2171,26/08/2006,3,15,16,33,51,57
2170,30/08/2006,3,38,42,47,55,56
2169,02/09/2006,14,21,26,29,36,48
2168,06/09/2006,5,19,24,34,39,43
2167,09/09/2006,6,12,47,48,52,58
2166,13/09/2006,3,4,9,29,32,52
2165,16/09/2006,19,29,35,42,55,57
2164,20/09/2006,1,7,11,37,38,56
2163,23/09/2006,11,19,20,22,42,48
2162,27/09/2006,6,14,18,24,48,60
2161,30/09/2006,3,5,10,21,28,57
2160,04/10/2006,3,13,37,47,56,59
2159,07/10/2006,2,30,36,43,48,60
2158,12/10/2006,18,26,35,41,47,60
2157,14/10/2006,2,8,27,32,49,56
2156,18/10/2006,2,15,21,31,46,57
2155,21/10/2006,5,11,15,23,25,30
2154,25/10/2006,1,4,5,33,37,48
2153,28/10/2006,10,28,32,41,47,57
2152,01/11/2006,11,13,38,39,54,57
2151,04/11/2006,9,15,23,45,46,56
2150,08/11/2006,2,8,11,41,46,50
2149,11/11/2006,9,19,37,39,50,57
2148,16/11/2006,20,21,30,40,47,52
2147,18/11/2006,10,29,30,34,43,52
2146,22/11/2006,8,9,22,25,41,44
2145,25/11/2006,5,19,25,46,51,58
2144,29/11/2006,10,17,21,32,45,46
2143,02/12/2006,4,29,33,36,38,42
2142,06/12/2006,4,10,17,27,41,52
2141,09/12/2006,1,15,26,51,54,59
2140,13/12/2006,6,7,9,20,33,48
2139,16/12/2006,10,21,28,40,41,47
2138,19/12/2006,6,7,8,27,45,53
2137,21/12/2006,18,24,30,42,51,56
2136,23/12/2006,23,28,38,42,50,53
2135,31/12/2006,10,14,32,47,50,56
2134,03/01/2007,2,13,41,49,51,53
2133,06/01/2007,3,32,33,42,48,50
2132,10/01/2007,15,17,23,33,39,49
2131,13/01/2007,13,16,46,53,57,58
2130,17/01/2007,10,16,17,34,44,51
2129,20/01/2007,18,31,33,49,57,58
2128,24/01/2007,17,22,28,38,52,59
2127,27/01/2007,5,6,16,24,34,60
2126,31/01/2007,9,23,30,38,44,47
2125,03/02/2007,7,8,11,18,37,43
2124,07/02/2007,17,29,31,35,43,59
2123,10/02/2007,7,22,32,36,38,51
2122,14/02/2007,7,9,30,44,51,60
2121,17/02/2007,1,16,34,36,45,48
2120,24/02/2007,16,24,34,44,54,57
2119,28/02/2007,14,19,20,40,48,52
2118,03/03/2007,2,3,44,47,50,54
2117,07/03/2007,14,15,27,42,44,48
2116,10/03/2007,17,27,32,34,47,56
2115,14/03/2007,8,9,39,44,49,58
2114,17/03/2007,7,22,25,44,59,60
2113,21/03/2007,3,16,19,32,35,58
2112,24/03/2007,6,14,23,34,38,44
2111,28/03/2007,30,38,46,51,56,59
2110,31/03/2007,3,17,24,25,27,44
2109,04/04/2007,3,24,31,42,43,53
2108,07/04/2007,11,15,40,41,42,47
2107,11/04/2007,2,3,17,49,50,59
2106,14/04/2007,4,18,23,31,37,54
2105,18/04/2007,9,12,34,46,47,57
2104,23/04/2007,2,8,17,22,42,44
2103,25/04/2007,39,40,42,47,59,60
2102,28/04/2007,2,8,11,12,19,35
2101,02/05/2007,15,24,32,50,53,57
2100,05/05/2007,8,11,31,33,42,57
2099,09/05/2007,23,26,27,41,51,53
2098,12/05/2007,5,27,36,40,46,48
2097,16/05/2007,10,19,26,28,44,54
2096,19/05/2007,21,22,25,40,51,57
2095,23/05/2007,27,29,42,49,50,51
2094,26/05/2007,8,21,34,40,43,52
2093,30/05/2007,1,5,10,17,47,58
2092,02/06/2007,5,18,31,43,55,58
2091,06/06/2007,4,19,30,34,57,59
2090,09/06/2007,10,20,42,44,52,59
2089,13/06/2007,18,20,24,36,53,58
2088,16/06/2007,4,8,12,41,45,60
2087,20/06/2007,13,15,20,28,31,36
2086,23/06/2007,11,12,37,38,43,54
2085,27/06/2007,10,28,29,35,42,46
2084,30/06/2007,25,30,37,46,49,51
2083,04/07/2007,4,18,24,43,51,56
2082,07/07/2007,17,41,42,44,45,60
2081,11/07/2007,21,32,37,52,53,60
2080,14/07/2007,2,11,12,14,22,39
2079,18/07/2007,4,13,31,33,47,51
2078,21/07/2007,17,33,37,50,55,59
2077,25/07/2007,1,12,21,32,34,44
2076,28/07/2007,24,40,50,52,54,60
2075,01/08/2007,20,24,34,39,54,60
2074,04/08/2007,7,9,17,21,22,54
2073,08/08/2007,15,16,19,22,34,35
2072,11/08/2007,1,19,42,44,49,52
2071,15/08/2007,3,18,26,51,53,56
2070,18/08/2007,20,24,28,37,41,44
2069,22/08/2007,2,41,43,55,57,58
2068,25/08/2007,5,11,22,31,35,41
2067,29/08/2007,7,21,22,43,46,57
2066,01/09/2007,3,4,8,30,45,54
2065,05/09/2007,18,20,36,53,54,58
2064,08/09/2007,4,18,21,34,38,59
2063,12/09/2007,13,16,32,33,34,56
2062,15/09/2007,18,23,50,52,55,58
2061,19/09/2007,5,17,20,32,41,55
2060,22/09/2007,32,44,48,51,53,59
2059,26/09/2007,2,4,15,16,55,57
2058,29/09/2007,7,14,24,29,35,39
2057,03/10/2007,9,36,37,41,51,53
2056,06/10/2007,1,9,19,25,50,52
2055,10/10/2007,17,22,26,28,38,42
2054,13/10/2007,3,15,27,29,36,53
2053,17/10/2007,1,6,28,29,46,49
2052,20/10/2007,4,19,21,26,29,54
2051,24/10/2007,14,30,36,38,46,59
2050,27/10/2007,9,12,23,33,45,51
2049,31/10/2007,17,20,26,28,48,49
2048,03/11/2007,5,28,33,36,37,38
2047,07/11/2007,23,25,30,46,47,59
2046,10/11/2007,4,8,12,38,44,52
2045,14/11/2007,3,25,31,41,43,60
2044,17/11/2007,5,17,24,52,55,57
2043,21/11/2007,1,9,35,41,48,57
2042,24/11/2007,12,13,19,41,45,49
2041,28/11/2007,2,15,39,50,53,57
2040,01/12/2007,2,20,21,27,51,60
2039,05/12/2007,8,22,36,37,46,52
2038,08/12/2007,21,33,34,40,41,59
2037,12/12/2007,19,23,26,31,33,36
2036,15/12/2007,4,10,32,33,49,60
2035,19/12/2007,16,27,35,39,49,57
2034,22/12/2007,20,28,37,46,49,55
2033,31/12/2007,7,17,19,34,36,39
2032,05/01/2008,2,17,21,36,42,53
2031,09/01/2008,8,14,25,39,45,51
2030,12/01/2008,1,3,21,25,44,48
2029,16/01/2008,7,13,18,29,31,45
2028,19/01/2008,5,14,22,29,33,44
2027,23/01/2008,2,21,22,30,41,52
2026,26/01/2008,15,27,35,50,57,59
2025,30/01/2008,6,19,23,37,49,50
2024,02/02/2008,5,25,31,33,37,51
2023,06/02/2008,10,11,15,27,53,60
2022,09/02/2008,5,8,18,42,52,59
2021,13/02/2008,3,12,23,41,47,58
2020,16/02/2008,16,37,43,52,58,59
2019,20/02/2008,4,8,27,44,54,59
2018,23/02/2008,1,5,12,47,52,59
2017,27/02/2008,3,5,11,14,33,58
2016,01/03/2008,22,41,44,46,52,54
2015,05/03/2008,1,23,41,44,51,52
2014,08/03/2008,23,41,42,48,49,59
2013,12/03/2008,14,24,34,39,49,55
2012,15/03/2008,2,11,18,27,30,54
2011,19/03/2008,1,16,39,42,48,55
2010,22/03/2008,5,8,18,24,33,57
2009,26/03/2008,5,12,21,32,33,35
2008,29/03/2008,46,47,51,54,57,59
2007,02/04/2008,24,25,32,34,50,57
2006,05/04/2008,7,13,22,33,48,51
2005,09/04/2008,3,5,11,33,39,57
2004,12/04/2008,6,18,19,33,34,53
2003,16/04/2008,2,4,16,21,36,53
2002,19/04/2008,2,11,40,48,49,55
2001,23/04/2008,15,17,37,48,50,59
2000,26/04/2008,8,13,20,26,33,42
1999,30/04/2008,5,30,36,39,57,58
1998,03/05/2008,1,4,26,28,41,58
1997,07/05/2008,5,13,14,18,30,57
1996,10/05/2008,1,4,13,30,51,60
1995,14/05/2008,13,25,35,41,50,56
1994,17/05/2008,5,21,28,34,54,57
1993,21/05/2008,4,11,14,33,44,45
1992,24/05/2008,15,18,31,33,34,56
1991,28/05/2008,1,8,30,36,47,53
1990,31/05/2008,12,16,20,31,38,45
1989,04/06/2008,9,30,33,37,40,41
1988,07/06/2008,14,23,25,28,38,53
1987,11/06/2008,3,5,7,9,17,32
1986,14/06/2008,12,16,18,27,42,58
1985,18/06/2008,3,15,28,31,39,51
1984,21/06/2008,15,17,29,35,36,59
1983,25/06/2008,1,8,34,41,53,58
1982,28/06/2008,8,12,24,40,43,49
1981,02/07/2008,16,22,32,38,40,45
1980,05/07/2008,4,10,20,43,46,47
1979,09/07/2008,4,16,18,46,56,59
1978,12/07/2008,6,15,19,24,31,32
1977,16/07/2008,13,27,31,34,47,58
1976,19/07/2008,8,17,46,48,56,60
1975,23/07/2008,2,21,27,29,32,38
1974,26/07/2008,2,10,15,18,29,39
1973,30/07/2008,8,9,15,38,41,60
1972,02/08/2008,1,4,6,8,25,28
1971,06/08/2008,5,24,25,26,42,60
1970,09/08/2008,3,20,29,40,44,58
1969,13/08/2008,4,16,31,36,54,55
1968,16/08/2008,7,15,20,21,23,29
1967,20/08/2008,9,17,18,32,53,55
1966,23/08/2008,3,4,21,22,28,32
1965,27/08/2008,18,24,36,44,55,58
1964,30/08/2008,29,38,39,49,53,58
1963,03/09/2008,12,15,27,37,51,60
1962,06/09/2008,3,7,25,31,40,58
1961,10/09/2008,5,10,16,23,26,27
1960,13/09/2008,29,40,43,44,45,47
1959,17/09/2008,4,6,12,37,41,42
1958,20/09/2008,2,4,17,33,48,55
1957,24/09/2008,4,27,36,37,49,52
1956,27/09/2008,7,13,15,34,42,48
1955,01/10/2008,1,6,12,29,34,58
1954,04/10/2008,2,3,13,37,46,54
1953,08/10/2008,2,11,21,30,35,52
1952,11/10/2008,14,19,40,47,55,58
1951,15/10/2008,7,9,12,19,20,41
1950,18/10/2008,8,9,25,41,57,60
1949,22/10/2008,3,8,17,26,28,49
1948,25/10/2008,5,9,11,20,25,60
1947,29/10/2008,6,19,31,34,51,56
1946,01/11/2008,9,24,44,51,55,58
1945,05/11/2008,4,13,23,29,46,47
1944,08/11/2008,1,2,19,32,39,52
1943,12/11/2008,2,33,42,43,51,55
1942,16/11/2008,5,21,31,39,40,56
1941,19/11/2008,2,7,8,18,40,45
1940,22/11/2008,18,22,28,29,39,53
1939,26/11/2008,10,27,28,29,40,52
1938,29/11/2008,6,10,17,33,51,53
1937,03/12/2008,18,20,33,44,47,60
1936,06/12/2008,20,26,34,51,52,54
1935,10/12/2008,5,16,17,20,24,32
1934,13/12/2008,1,8,23,37,54,57
1933,17/12/2008,24,33,40,43,46,49
1932,20/12/2008,15,16,26,29,43,57
1931,24/12/2008,5,6,17,33,39,54
1930,27/12/2008,1,3,18,20,42,49
1929,31/12/2008,1,11,26,51,59,60
1928,03/01/2009,10,27,36,39,41,52
1927,07/01/2009,4,36,44,46,53,56
1926,10/01/2009,6,7,28,35,43,51
1925,14/01/2009,2,20,24,27,36,52
1924,17/01/2009,1,6,28,39,44,55
1923,21/01/2009,10,12,36,44,54,57
1922,24/01/2009,13,18,25,30,46,51
1921,28/01/2009,14,21,25,48,51,60
1920,31/01/2009,10,11,13,35,39,58
1919,04/02/2009,1,5,6,17,31,50
1918,07/02/2009,28,40,42,54,55,57
1917,11/02/2009,1,2,8,10,14,48
1916,14/02/2009,3,16,21,28,38,57
1915,18/02/2009,2,5,17,29,34,52
1914,21/02/2009,14,24,26,33,45,60
1913,25/02/2009,7,10,11,13,43,57
1912,28/02/2009,8,11,15,16,52,57
1911,04/03/2009,15,27,34,42,49,53
1910,07/03/2009,13,14,18,27,41,60
1909,11/03/2009,12,15,16,20,27,32
1908,14/03/2009,6,8,38,50,53,59
1907,18/03/2009,2,3,4,15,49,59
1906,21/03/2009,18,20,24,45,51,57
1905,25/03/2009,1,12,14,16,37,45
1904,28/03/2009,1,3,16,18,41,42
1903,01/04/2009,9,21,23,30,41,56
1902,04/04/2009,2,8,23,33,37,55
1901,08/04/2009,1,22,44,47,49,50
1900,11/04/2009,4,16,19,28,29,49
1899,15/04/2009,7,19,30,39,43,57
1898,18/04/2009,6,10,25,32,43,49
1897,22/04/2009,4,10,14,25,28,56
1896,25/04/2009,25,27,44,47,48,57
1895,29/04/2009,9,17,28,45,49,53
1894,02/05/2009,5,8,16,23,41,53
1893,06/05/2009,5,7,37,43,53,54
1892,09/05/2009,9,18,19,43,47,54
1891,13/05/2009,8,25,32,34,36,44
1890,16/05/2009,3,10,23,29,47,50
1889,20/05/2009,10,12,16,21,39,53
1888,23/05/2009,4,10,19,32,33,42
1887,27/05/2009,5,6,9,11,18,37
1886,30/05/2009,3,6,34,41,43,45
1885,03/06/2009,5,12,24,28,36,37
1884,06/06/2009,11,18,20,34,41,56
1883,10/06/2009,9,16,24,29,52,56
1882,13/06/2009,4,17,38,40,50,55
1881,17/06/2009,10,20,23,28,42,43
1880,20/06/2009,5,20,29,33,40,59
1879,24/06/2009,12,21,39,40,50,55
1878,27/06/2009,2,4,6,10,23,45
1877,01/07/2009,3,20,28,32,36,46
1876,04/07/2009,6,24,31,35,42,57
1875,08/07/2009,2,18,20,32,37,48
1874,11/07/2009,9,20,24,36,40,42
1873,15/07/2009,17,23,24,27,49,56
1872,18/07/2009,1,9,30,33,34,40
1871,22/07/2009,19,23,27,38,41,49
1870,25/07/2009,9,10,21,36,41,48
1869,29/07/2009,10,16,21,23,27,36
1868,01/08/2009,3,13,14,16,41,52
1867,05/08/2009,1,17,21,33,48,56
1866,08/08/2009,11,20,21,30,50,52
1865,12/08/2009,14,31,35,38,44,55
1864,15/08/2009,7,17,18,33,41,42
1863,19/08/2009,6,7,10,12,24,57
1862,22/08/2009,9,11,23,35,46,51
1861,26/08/2009,10,19,28,41,55,56
1860,29/08/2009,2,3,6,35,49,58
1859,02/09/2009,1,15,28,43,50,57
1858,05/09/2009,4,15,43,47,50,60
1857,09/09/2009,3,9,20,36,53,54
1856,12/09/2009,7,9,39,43,44,60
1855,16/09/2009,6,8,11,14,29,52
1854,19/09/2009,6,14,26,28,42,45
1853,23/09/2009,4,9,25,32,33,43
1852,26/09/2009,4,32,34,43,52,58
1851,30/09/2009,3,6,29,36,47,59
1850,03/10/2009,3,15,16,22,25,54
1849,07/10/2009,18,30,37,41,44,50
1848,10/10/2009,4,9,13,17,20,47
1847,14/10/2009,1,6,17,27,35,40
1846,17/10/2009,8,20,21,43,44,55
1845,21/10/2009,10,34,41,44,45,54
1844,24/10/2009,7,35,40,44,50,55
1843,28/10/2009,4,17,18,54,56,59
1842,31/10/2009,26,44,46,49,55,56
1841,04/11/2009,4,14,19,39,45,60
1840,07/11/2009,7,11,16,18,33,49
1839,11/11/2009,3,7,29,33,42,56
1838,14/11/2009,4,31,42,52,57,59
1837,18/11/2009,5,8,14,24,29,30
1836,21/11/2009,8,16,24,39,52,60
1835,25/11/2009,12,17,19,32,47,55
1834,28/11/2009,5,18,23,32,49,54
1833,02/12/2009,1,8,16,34,36,49
1832,05/12/2009,12,27,30,33,52,55
1831,09/12/2009,5,10,16,21,39,58
1830,12/12/2009,9,22,29,36,51,56
1829,16/12/2009,4,5,6,19,23,39
1828,19/12/2009,7,31,32,34,37,43
1827,22/12/2009,19,21,25,28,43,50
1826,24/12/2009,2,4,15,18,25,36
1825,26/12/2009,9,28,31,36,37,42
1824,31/12/2009,10,27,40,46,49,58
1823,02/01/2010,9,37,40,50,58,60
1822,06/01/2010,3,15,26,28,31,58
1821,09/01/2010,3,30,35,44,47,60
1820,13/01/2010,1,10,18,19,44,49
1819,16/01/2010,3,16,19,24,33,60
1818,20/01/2010,6,10,28,33,34,53
1817,23/01/2010,6,23,31,33,39,52
1816,27/01/2010,27,28,29,32,48,55
1815,30/01/2010,7,8,23,36,46,54
1814,03/02/2010,15,17,28,31,35,52
1813,06/02/2010,1,4,14,21,25,51
1812,10/02/2010,14,20,29,36,44,47
1811,13/02/2010,6,17,19,34,46,55
1810,17/02/2010,4,12,14,21,26,28
1809,20/02/2010,20,28,40,41,51,58
1808,24/02/2010,9,24,31,44,48,49
1807,27/02/2010,9,29,41,43,46,49
1806,03/03/2010,23,30,31,54,55,60
1805,06/03/2010,5,6,34,46,53,55
1804,10/03/2010,1,3,5,18,40,48
1803,13/03/2010,4,7,42,47,48,51
1802,17/03/2010,18,22,25,30,31,41
1801,20/03/2010,5,17,31,47,51,53
1800,24/03/2010,6,14,17,26,40,49
1799,27/03/2010,20,40,42,52,54,60
1798,31/03/2010,22,28,30,31,35,54
1797,03/04/2010,20,28,43,51,52,56
1796,07/04/2010,4,5,20,47,53,56
1795,10/04/2010,1,11,14,23,42,48
1794,14/04/2010,11,13,27,34,46,49
1793,17/04/2010,3,10,13,30,41,57
1792,20/04/2010,6,12,28,43,52,56
1791,24/04/2010,5,7,24,25,36,47
1790,28/04/2010,6,7,39,47,51,52
1789,30/04/2010,2,3,12,16,37,47
1788,05/05/2010,11,14,21,30,33,49
1787,08/05/2010,33,38,47,50,52,55
1786,12/05/2010,1,22,30,45,50,53
1785,15/05/2010,5,22,28,47,59,60
1784,19/05/2010,12,30,34,44,57,60
1783,22/05/2010,18,20,26,31,44,45
1782,26/05/2010,2,4,29,52,56,60
1781,29/05/2010,5,10,12,20,29,37
1780,02/06/2010,4,9,23,27,28,30
1779,05/06/2010,2,10,21,35,43,54
1778,09/06/2010,7,8,12,13,15,41
1777,12/06/2010,8,17,19,40,43,49
1776,16/06/2010,9,20,44,52,59,60
1775,19/06/2010,14,21,27,31,35,50
1774,23/06/2010,10,11,19,37,53,56
1773,26/06/2010,3,11,16,22,25,33
1772,30/06/2010,17,20,49,52,57,59
1771,03/07/2010,2,9,12,14,32,54
1770,07/07/2010,6,13,24,41,50,53
1769,10/07/2010,17,20,26,27,55,57
1768,14/07/2010,3,6,19,20,58,60
1767,17/07/2010,36,37,39,49,54,60
1766,21/07/2010,22,29,36,41,48,58
1765,24/07/2010,16,19,23,28,39,58
1764,28/07/2010,3,10,11,39,54,56
1763,31/07/2010,28,32,36,49,55,60
1762,04/08/2010,8,9,11,48,53,60
1761,07/08/2010,7,9,30,33,38,55
1760,11/08/2010,5,10,25,39,43,52
1759,14/08/2010,4,13,14,26,29,35
1758,18/08/2010,2,6,11,36,37,48
1757,21/08/2010,9,11,22,32,35,56
1756,25/08/2010,1,12,20,26,45,54
1755,28/08/2010,5,14,17,30,35,38
1754,01/09/2010,3,7,9,10,31,34
1753,04/09/2010,3,15,31,36,48,54
1752,08/09/2010,2,23,33,35,40,50
1751,11/09/2010,3,11,26,34,45,53
1750,15/09/2010,5,29,30,36,41,48
1749,18/09/2010,10,25,30,47,50,51
1748,22/09/2010,4,7,13,25,27,58
1747,25/09/2010,5,11,15,28,43,50
1746,29/09/2010,10,23,29,31,33,46
1745,02/10/2010,2,33,34,37,41,53
1744,06/10/2010,5,15,43,48,52,55
1743,09/10/2010,5,14,37,43,46,58
1742,13/10/2010,5,8,19,26,48,57
1741,16/10/2010,15,17,35,42,47,48
1740,20/10/2010,19,21,27,41,53,57
1739,23/10/2010,31,32,34,40,50,55
1738,27/10/2010,10,31,40,50,55,56
1737,30/10/2010,4,28,30,31,35,54
1736,03/11/2010,10,23,36,50,52,60
1735,06/11/2010,12,30,32,40,49,60
1734,10/11/2010,9,12,19,22,35,37
1733,13/11/2010,5,20,23,27,39,49
1732,17/11/2010,8,11,12,15,18,22
1731,20/11/2010,22,29,32,49,54,59
1730,24/11/2010,3,5,19,24,30,35
1729,27/11/2010,10,16,20,26,49,55
1728,01/12/2010,3,8,17,20,38,53
1727,04/12/2010,5,18,21,26,39,59
1726,08/12/2010,13,14,24,39,40,45
1725,11/12/2010,1,15,37,39,48,52
1724,15/12/2010,8,9,12,22,42,49
1723,18/12/2010,10,13,25,26,28,45
1722,20/12/2010,11,34,45,48,51,54
1721,22/12/2010,9,19,23,29,32,57
1720,24/12/2010,2,8,15,25,34,45
1719,31/12/2010,2,10,34,37,43,50
1718,05/01/2011,10,37,40,43,57,59
1717,08/01/2011,3,9,11,24,36,51
1716,12/01/2011,20,33,34,57,58,60
1715,15/01/2011,3,8,36,40,51,53
1714,19/01/2011,1,2,24,40,51,59
1713,22/01/2011,5,27,34,46,48,52
1712,26/01/2011,2,14,35,39,49,51
1711,29/01/2011,2,17,23,43,44,51
1710,02/02/2011,7,9,14,18,29,39
1709,05/02/2011,5,23,38,39,51,54
1708,09/02/2011,26,33,35,38,43,53
1707,12/02/2011,2,15,26,27,30,52
1706,16/02/2011,11,26,47,55,57,59
1705,19/02/2011,4,6,39,46,54,58
1704,23/02/2011,19,23,29,31,41,53
1703,26/02/2011,10,14,22,41,42,53
1702,02/03/2011,5,7,8,9,11,39
1701,05/03/2011,4,18,26,36,41,53
1700,09/03/2011,4,17,36,37,51,56
1699,12/03/2011,13,19,24,46,50,60
1698,16/03/2011,6,10,33,39,42,60
1697,19/03/2011,4,20,30,41,47,58
1696,23/03/2011,3,16,17,44,53,60
1695,26/03/2011,4,5,15,17,27,51
1694,30/03/2011,5,9,24,31,33,42
1693,02/04/2011,1,2,39,48,52,59
1692,06/04/2011,13,26,27,28,35,52
1691,09/04/2011,13,19,26,40,58,60
1690,13/04/2011,13,17,21,39,40,59
1689,16/04/2011,2,14,48,55,58,60
1688,20/04/2011,5,9,11,22,36,40
1687,23/04/2011,12,18,31,50,59,60
1686,27/04/2011,4,16,24,25,30,56
1685,30/04/2011,8,14,29,35,36,40
1684,04/05/2011,6,10,16,20,29,54
1683,07/05/2011,8,11,14,30,36,38
1682,11/05/2011,4,23,39,52,55,56
1681,14/05/2011,8,30,40,44,59,60
1680,18/05/2011,20,21,26,29,31,36
1679,21/05/2011,10,15,28,31,33,38
1678,25/05/2011,2,5,28,33,51,52
1677,28/05/2011,11,12,31,33,42,52
1676,01/06/2011,17,30,32,40,42,56
1675,04/06/2011,1,3,8,13,27,52
1674,08/06/2011,2,3,14,23,34,50
1673,11/06/2011,18,40,47,54,57,58
1672,15/06/2011,9,11,23,30,31,54
1671,18/06/2011,1,13,24,40,44,50
1670,22/06/2011,4,6,29,48,50,51
1669,25/06/2011,2,5,15,20,43,57
1668,29/06/2011,10,14,43,46,49,53
1667,02/07/2011,2,5,11,13,56,59
1666,06/07/2011,14,15,30,53,55,60
1665,09/07/2011,8,22,32,43,53,56
1664,13/07/2011,43,44,46,53,54,59
1663,16/07/2011,3,16,23,25,51,56
1662,20/07/2011,2,10,15,44,56,57
1661,23/07/2011,8,19,46,51,52,54
1660,27/07/2011,7,14,15,20,23,35
1659,30/07/2011,3,5,11,36,44,46
1658,03/08/2011,6,19,22,34,43,45
1657,06/08/2011,7,10,32,43,47,54
1656,09/08/2011,7,8,24,30,33,47
1655,11/08/2011,7,12,25,26,32,39
1654,13/08/2011,8,9,14,32,53,59
1653,17/08/2011,7,9,12,19,45,54
1652,20/08/2011,5,20,22,28,29,30
1651,24/08/2011,1,4,26,39,43,49
1650,27/08/2011,38,42,44,52,58,60
1649,31/08/2011,1,27,29,38,50,52
1648,03/09/2011,8,13,25,34,42,48
1647,08/09/2011,6,13,29,30,35,37
1646,10/09/2011,11,14,16,28,34,46
1645,14/09/2011,4,5,16,18,27,51
1644,17/09/2011,17,24,25,38,41,55
1643,21/09/2011,10,47,51,53,59,60
1642,24/09/2011,10,21,43,47,53,55
1641,28/09/2011,6,15,25,37,48,55
1640,01/10/2011,18,29,31,44,51,57
1639,05/10/2011,2,5,16,20,35,43
1638,08/10/2011,10,11,18,19,30,50
1637,13/10/2011,16,35,36,41,52,54
1636,15/10/2011,10,23,27,43,53,59
1635,19/10/2011,7,8,11,39,43,50
1634,22/10/2011,8,18,21,30,48,49
1633,26/10/2011,9,24,26,39,46,57
1632,29/10/2011,3,5,13,24,35,59
1631,03/11/2011,25,26,28,33,42,51
1630,05/11/2011,1,6,8,10,25,27
1629,09/11/2011,3,14,20,22,49,51
1628,12/11/2011,1,32,38,47,51,54
1627,16/11/2011,2,20,35,38,45,51
1626,19/11/2011,1,18,19,33,43,60
1625,23/11/2011,7,10,14,16,54,59
1624,26/11/2011,13,21,30,36,59,60
1623,30/11/2011,1,11,20,37,40,52
1622,03/12/2011,5,7,42,46,50,60
1621,07/12/2011,19,20,31,42,51,56
1620,10/12/2011,8,19,21,36,42,59
1619,14/12/2011,7,17,19,26,40,50
1618,17/12/2011,12,32,40,47,48,59
1617,20/12/2011,9,19,45,46,54,56
1616,22/12/2011,7,12,38,39,45,56
1615,24/12/2011,9,19,20,50,51,60
1614,31/12/2011,3,4,29,36,45,55
1613,04/01/2012,13,33,36,41,50,56
1612,07/01/2012,9,18,24,35,36,59
1611,11/01/2012,3,11,13,27,32,47
1610,14/01/2012,2,8,38,42,48,49
1609,18/01/2012,11,17,24,39,46,49
1608,21/01/2012,6,13,21,22,31,46
1607,25/01/2012,1,19,24,26,52,55
1606,28/01/2012,3,15,16,35,37,47
1605,01/02/2012,6,10,12,17,28,53
1604,04/02/2012,2,16,17,25,50,54
1603,08/02/2012,23,27,30,37,38,44
1602,11/02/2012,2,12,19,22,36,58
1601,15/02/2012,25,35,42,45,52,57
1600,18/02/2012,10,13,20,40,44,53
1599,22/02/2012,2,24,26,32,35,50
1598,25/02/2012,12,27,37,44,54,59
1597,01/03/2012,2,7,13,29,38,43
1596,03/03/2012,10,21,26,29,32,38
1595,07/03/2012,5,16,24,32,38,46
1594,10/03/2012,2,4,5,27,49,59
1593,14/03/2012,3,4,8,11,47,49
1592,17/03/2012,3,36,40,46,58,60
1591,21/03/2012,7,27,39,52,55,57
1590,24/03/2012,6,21,28,31,33,43
1589,28/03/2012,14,25,28,45,53,58
1588,31/03/2012,9,11,21,49,53,54
1587,04/04/2012,2,5,12,13,25,35
1586,07/04/2012,2,5,17,18,54,59
1585,11/04/2012,5,12,36,45,50,58
1584,14/04/2012,3,14,52,55,57,60
1583,18/04/2012,11,27,30,40,44,57
1582,20/04/2012,5,13,16,17,27,55
1581,25/04/2012,7,9,23,44,46,55
1580,28/04/2012,2,18,30,31,45,56
1579,02/05/2012,27,35,36,37,42,59
1578,05/05/2012,12,28,38,39,51,56
1577,09/05/2012,18,27,32,43,50,52
1576,12/05/2012,22,29,31,43,50,54
1575,16/05/2012,1,16,28,39,44,57
1574,19/05/2012,4,19,27,28,29,31
1573,23/05/2012,7,12,19,34,40,53
1572,26/05/2012,2,8,12,28,33,43
1571,30/05/2012,4,18,24,28,39,44
1570,02/06/2012,11,16,24,35,46,50
1569,06/06/2012,5,11,17,19,44,48
1568,09/06/2012,29,48,52,54,55,58
1567,13/06/2012,3,4,7,15,27,56
1566,16/06/2012,14,32,33,40,42,51
1565,20/06/2012,34,39,43,56,57,60
1564,23/06/2012,9,26,34,43,53,54
1563,27/06/2012,11,12,25,33,48,54
1562,30/06/2012,2,9,10,21,27,38
1561,04/07/2012,13,16,20,26,39,42
1560,07/07/2012,7,8,27,31,32,51
1559,11/07/2012,3,14,17,32,37,39
1558,14/07/2012,7,10,17,24,38,57
1557,18/07/2012,18,29,31,42,43,53
1556,21/07/2012,4,19,20,24,39,43
1555,25/07/2012,6,19,26,47,50,58
1554,28/07/2012,18,29,40,42,50,54
1553,01/08/2012,8,12,32,44,46,48
1552,04/08/2012,6,8,24,37,41,45
1551,07/08/2012,13,15,33,45,54,55
1550,09/08/2012,21,37,44,46,49,57
1549,11/08/2012,26,36,40,46,49,51
1548,15/08/2012,3,19,22,24,35,49
1547,18/08/2012,5,12,45,52,56,59
1546,22/08/2012,7,8,10,12,27,56
1545,25/08/2012,17,21,30,48,52,58
1544,29/08/2012,2,11,16,18,36,45
1543,01/09/2012,19,31,39,44,53,59
1542,05/09/2012,2,5,13,17,39,44
1541,08/09/2012,3,8,21,25,27,43
1540,12/09/2012,3,7,15,29,38,60
1539,15/09/2012,7,16,29,36,38,50
1538,19/09/2012,6,15,18,24,30,44
1537,22/09/2012,8,39,44,47,53,56
1536,26/09/2012,7,15,19,34,37,55
1535,29/09/2012,9,12,22,39,48,60
1534,03/10/2012,2,19,22,30,46,52
1533,06/10/2012,5,9,13,33,40,54
1532,10/10/2012,16,24,25,42,45,59
1531,13/10/2012,4,13,14,40,46,52
1530,17/10/2012,3,18,22,34,55,58
1529,20/10/2012,4,15,45,47,50,52
1528,24/10/2012,1,13,23,24,30,57
1527,27/10/2012,22,23,26,37,38,48
1526,31/10/2012,7,14,31,33,36,49
1525,03/11/2012,2,34,35,42,43,55
1524,07/11/2012,2,6,28,36,51,56
1523,10/11/2012,17,29,36,38,53,56
1522,14/11/2012,12,13,20,30,34,49
1521,17/11/2012,12,20,32,48,52,54
1520,21/11/2012,2,5,27,28,48,55
1519,24/11/2012,5,19,32,41,49,58
1518,28/11/2012,6,13,24,32,40,51
1517,01/12/2012,1,19,28,33,39,41
1516,05/12/2012,1,25,29,36,56,60
1515,08/12/2012,2,6,18,30,52,56
1514,12/12/2012,26,27,31,38,44,45
1513,15/12/2012,2,10,11,33,52,57
1512,18/12/2012,2,14,28,50,57,58
1511,20/12/2012,6,13,25,32,47,57
1510,22/12/2012,4,27,29,41,48,52
1509,31/12/2012,14,32,33,36,41,52
1508,02/01/2013,6,8,14,26,36,40
1507,05/01/2013,15,16,34,42,46,59
1506,09/01/2013,2,4,16,33,44,51
1505,12/01/2013,2,6,30,34,35,52
1504,16/01/2013,4,14,27,38,50,52
1503,19/01/2013,31,36,44,47,49,54
1502,23/01/2013,5,9,25,27,38,40
1501,26/01/2013,13,22,28,29,40,48
1500,30/01/2013,2,24,32,50,54,59
1499,02/02/2013,6,11,16,26,44,53
1498,06/02/2013,4,6,13,34,37,51
1497,09/02/2013,23,24,26,41,52,53
1496,13/02/2013,1,2,10,19,20,37
1495,16/02/2013,4,13,35,54,56,58
1494,20/02/2013,2,34,36,38,51,55
1493,23/02/2013,10,25,33,36,40,58
1492,27/02/2013,12,18,23,25,45,50
1491,02/03/2013,2,12,33,57,58,60
1490,06/03/2013,1,2,3,11,28,43
1489,09/03/2013,12,13,37,44,48,51
1488,13/03/2013,4,10,26,37,47,57
1487,16/03/2013,3,4,46,50,56,59
1486,20/03/2013,10,27,37,40,47,55
1485,23/03/2013,21,48,50,54,57,60
1484,27/03/2013,9,14,21,26,36,52
1483,30/03/2013,17,27,28,40,44,55
1482,03/04/2013,6,9,11,34,41,53
1481,06/04/2013,1,35,39,53,55,56
1480,10/04/2013,17,20,24,29,49,53
1479,13/04/2013,4,27,30,36,54,59
1478,17/04/2013,1,6,10,34,40,54
1477,20/04/2013,4,9,17,23,28,53
1476,24/04/2013,4,22,25,38,45,51
1475,27/04/2013,1,15,24,26,28,48
1474,02/05/2013,1,3,31,32,43,52
1473,04/05/2013,6,26,45,50,56,60
1472,08/05/2013,4,9,18,44,46,48
1471,11/05/2013,7,12,24,27,30,49
1470,15/05/2013,2,14,24,28,35,50
1469,18/05/2013,4,13,14,44,49,57
1468,22/05/2013,14,18,28,41,47,54
1467,25/05/2013,4,5,7,27,45,58
1466,29/05/2013,6,11,27,40,46,49
1465,01/06/2013,8,22,26,33,37,54
1464,05/06/2013,10,18,31,43,57,59
1463,08/06/2013,1,7,13,29,37,54
1462,12/06/2013,6,22,43,51,52,57
1461,15/06/2013,3,4,16,22,36,42
1460,19/06/2013,2,10,12,30,41,42
1459,22/06/2013,1,2,6,9,16,32
1458,26/06/2013,3,14,18,34,42,49
1457,29/06/2013,24,46,50,51,52,56
1456,03/07/2013,17,18,30,35,39,58
1455,06/07/2013,1,6,27,46,51,59
1454,10/07/2013,1,8,17,44,46,53
1453,13/07/2013,4,8,17,29,31,45
1452,17/07/2013,11,28,35,42,46,58
1451,20/07/2013,17,28,31,56,57,58
1450,24/07/2013,16,17,23,42,59,60
1449,27/07/2013,4,13,14,18,49,59
1448,31/07/2013,4,18,20,34,45,60
1447,03/08/2013,7,17,38,45,52,56
1446,06/08/2013,8,9,28,41,48,55
1445,08/08/2013,5,6,15,23,56,59
1444,10/08/2013,7,31,35,36,46,48
1443,14/08/2013,11,14,18,30,33,39
1442,17/08/2013,5,8,23,32,33,56
1441,21/08/2013,22,25,31,39,41,44
1440,24/08/2013,2,12,40,46,52,53
1439,28/08/2013,2,26,30,35,46,54
1438,31/08/2013,10,16,28,47,51,59
1437,04/09/2013,16,32,36,42,44,48
1436,06/09/2013,4,13,15,19,36,58
1435,11/09/2013,11,15,17,34,35,49
1434,14/09/2013,10,16,28,33,48,53
1433,18/09/2013,12,13,24,41,42,44
1432,21/09/2013,2,11,23,31,42,44
1431,25/09/2013,13,21,29,34,47,57
1430,28/09/2013,1,12,28,29,34,48
1429,02/10/2013,8,9,25,41,54,55
1428,05/10/2013,13,18,29,32,50,58
1427,09/10/2013,6,10,33,50,51,56
1426,11/10/2013,23,27,35,52,53,57
1425,16/10/2013,8,10,20,26,49,58
1424,19/10/2013,3,17,27,32,47,54
1423,23/10/2013,5,24,37,44,49,58
1422,26/10/2013,7,11,12,30,39,57
1421,30/10/2013,7,15,20,23,30,41
1420,01/11/2013,2,21,30,35,45,50
1419,06/11/2013,4,6,11,24,45,48
1418,09/11/2013,4,17,38,44,53,60
1417,13/11/2013,2,9,10,18,21,28
1416,16/11/2013,19,41,42,44,47,54
1415,20/11/2013,10,12,16,20,32,53
1414,23/11/2013,9,13,21,27,36,56
1413,27/11/2013,2,15,19,21,23,38
1412,30/11/2013,7,18,24,26,39,46
1411,04/12/2013,20,21,22,29,46,60
1410,07/12/2013,30,32,49,50,52,53
1409,11/12/2013,2,5,23,33,52,59
1408,14/12/2013,1,4,7,10,11,52
1407,17/12/2013,4,16,18,31,45,46
1406,19/12/2013,7,15,17,31,42,54
1405,21/12/2013,8,12,16,29,37,58
1404,31/12/2013,20,30,36,38,47,53
1403,02/01/2014,23,26,28,54,55,60
1402,04/01/2014,10,12,23,37,47,51
1401,09/01/2014,1,6,13,20,36,43
1400,11/01/2014,25,38,44,46,53,54
1399,15/01/2014,18,37,39,41,43,51
1398,18/01/2014,5,6,11,32,36,60
1397,22/01/2014,2,15,30,38,48,53
1396,25/01/2014,19,24,25,28,42,58
1395,29/01/2014,5,15,18,31,42,53
1394,01/02/2014,15,18,24,42,46,56
1393,05/02/2014,3,29,32,46,55,60
1392,08/02/2014,20,27,42,45,46,47
1391,12/02/2014,7,16,21,35,36,38
1390,15/02/2014,6,27,28,33,46,48
1389,19/02/2014,1,4,5,14,45,56
1388,22/02/2014,13,15,21,26,30,46
1387,26/02/2014,11,14,25,32,51,59
1386,01/03/2014,3,6,30,37,53,56
1385,05/03/2014,25,34,40,49,51,60
1384,08/03/2014,1,6,14,17,33,36
1383,12/03/2014,14,15,25,30,31,34
1382,15/03/2014,1,4,13,17,38,48
1381,19/03/2014,2,9,17,18,45,47
1380,22/03/2014,3,22,27,28,50,54
1379,26/03/2014,2,43,47,48,49,55
1378,29/03/2014,8,39,43,46,47,58
1377,02/04/2014,8,19,21,30,52,56
1376,05/04/2014,23,29,32,36,45,49
1375,09/04/2014,4,5,11,19,41,51
1374,12/04/2014,7,20,34,40,44,55
1373,16/04/2014,4,10,23,33,38,55
1372,19/04/2014,31,36,38,41,42,49
1371,23/04/2014,4,9,17,18,21,38
1370,26/04/2014,6,7,8,23,43,53
1369,30/04/2014,2,5,8,42,46,59
1368,03/05/2014,1,5,7,10,12,45
1367,07/05/2014,5,10,16,44,50,52
1366,10/05/2014,29,31,36,42,47,53
1365,14/05/2014,3,10,15,35,36,58
1364,17/05/2014,9,23,32,35,46,57
1363,21/05/2014,8,10,24,45,56,60
1362,24/05/2014,8,12,22,35,40,44
1361,28/05/2014,13,20,27,31,53,60
1360,31/05/2014,2,21,24,27,40,51
1359,04/06/2014,9,19,21,30,31,42
1358,07/06/2014,1,15,37,42,46,54
1357,11/06/2014,7,31,32,41,51,52
1356,14/06/2014,5,6,17,43,54,59
1355,18/06/2014,2,6,13,26,53,60
1354,21/06/2014,1,4,9,35,36,53
1353,25/06/2014,24,28,47,50,51,58
1352,28/06/2014,6,13,17,36,42,51
1351,02/07/2014,4,18,31,44,46,49
1350,05/07/2014,14,17,21,27,43,49
1349,09/07/2014,5,20,26,31,33,44
1348,12/07/2014,28,31,40,42,46,58
1347,16/07/2014,3,23,26,31,47,54
1346,19/07/2014,9,20,24,43,51,52
1345,23/07/2014,5,8,17,42,46,47
1344,26/07/2014,13,23,27,34,38,57
1343,30/07/2014,10,22,24,38,39,49
1342,02/08/2014,4,5,7,21,45,53
1341,05/08/2014,33,43,49,50,56,59
1340,07/08/2014,2,27,32,41,47,58
1339,09/08/2014,11,22,36,40,45,52
1338,13/08/2014,3,5,14,35,43,52
1337,16/08/2014,20,26,32,41,45,57
1336,20/08/2014,26,29,34,38,50,60
1335,23/08/2014,4,20,24,35,47,59
1334,27/08/2014,1,7,30,43,44,54
1333,30/08/2014,4,29,44,47,48,60
1332,03/09/2014,6,18,24,27,56,59
1331,06/09/2014,1,2,11,13,36,49
1330,10/09/2014,9,10,23,33,44,51
1329,13/09/2014,8,23,28,30,32,51
1328,17/09/2014,19,26,33,35,51,52
1327,20/09/2014,1,5,24,47,55,56
1326,24/09/2014,1,2,38,41,42,58
1325,27/09/2014,16,29,34,35,49,51
1324,01/10/2014,2,6,18,23,31,46
1323,04/10/2014,23,29,30,33,46,51
1322,08/10/2014,3,23,42,43,47,60
1321,11/10/2014,16,19,20,28,37,60
1320,15/10/2014,10,13,16,22,34,60
1319,18/10/2014,8,18,21,31,37,38
1318,22/10/2014,19,23,34,40,41,58
1317,25/10/2014,12,17,23,38,53,54
1316,29/10/2014,15,16,18,20,22,48
1315,01/11/2014,24,33,38,42,44,54
1314,05/11/2014,17,23,29,38,57,60
1313,08/11/2014,8,27,35,38,41,44
1312,12/11/2014,7,24,26,28,44,57
1311,14/11/2014,1,21,22,27,32,45
1310,19/11/2014,7,16,33,42,50,58
1309,22/11/2014,7,24,28,46,53,56
1308,26/11/2014,4,6,11,43,54,56
1307,29/11/2014,7,10,14,37,45,54
1306,03/12/2014,7,11,19,23,40,49
1305,06/12/2014,4,10,20,33,37,49
1304,10/12/2014,8,17,34,38,42,51
1303,13/12/2014,13,16,27,43,48,58
1302,17/12/2014,10,14,25,29,33,57
1301,20/12/2014,18,20,27,40,49,55
1300,24/12/2014,8,21,23,29,36,48
1299,31/12/2014,1,5,11,16,20,56
1298,03/01/2015,1,2,23,27,45,51
1297,07/01/2015,7,12,24,44,51,56
1296,10/01/2015,5,40,47,52,55,57
1295,14/01/2015,28,29,31,45,48,49
1294,17/01/2015,1,17,19,30,33,47
1293,21/01/2015,21,27,31,45,55,56
1292,24/01/2015,1,3,5,10,20,42
1291,28/01/2015,5,10,23,24,35,47
1290,31/01/2015,22,30,42,50,58,59
1289,04/02/2015,3,18,34,35,36,56
1288,07/02/2015,1,2,11,37,48,51
1287,11/02/2015,10,15,28,33,51,52
1286,14/02/2015,9,11,17,19,35,52
1285,18/02/2015,1,2,27,28,46,47
1284,21/02/2015,23,37,38,46,47,51
1283,25/02/2015,1,6,8,11,33,50
1282,28/02/2015,7,13,35,37,39,51
1281,04/03/2015,4,12,32,33,34,48
1280,07/03/2015,9,12,18,31,39,50
1279,11/03/2015,3,18,31,39,46,51
1278,14/03/2015,9,14,37,44,46,55
1277,18/03/2015,15,24,37,46,49,58
1276,21/03/2015,18,23,30,32,42,56
1275,25/03/2015,2,5,13,27,41,53
1274,28/03/2015,21,24,26,35,45,53
1273,01/04/2015,1,10,24,39,45,58
1272,04/04/2015,11,13,14,27,44,56
1271,08/04/2015,5,15,18,19,21,38
1270,11/04/2015,20,29,34,37,45,57
1269,15/04/2015,24,36,38,43,44,58
1268,18/04/2015,1,12,17,31,37,46
1267,22/04/2015,8,23,30,51,53,58
1266,25/04/2015,11,13,24,28,44,45
1265,29/04/2015,1,6,10,30,33,38
1264,02/05/2015,15,18,41,48,50,58
1263,05/05/2015,3,9,18,32,40,56
1262,07/05/2015,17,19,33,35,39,52
1261,09/05/2015,3,23,26,35,39,49
1260,13/05/2015,1,7,11,32,51,59
1259,16/05/2015,25,27,29,37,50,51
1258,20/05/2015,12,31,34,36,48,56
1257,23/05/2015,7,16,20,27,36,52
1256,27/05/2015,17,29,32,38,45,50
1255,30/05/2015,7,19,30,35,42,47
1254,03/06/2015,7,21,28,56,58,59
1253,06/06/2015,22,26,38,39,45,50
1252,10/06/2015,2,12,19,29,50,59
1251,13/06/2015,3,10,16,23,27,29
1250,17/06/2015,2,8,24,36,51,52
1249,20/06/2015,16,20,35,40,53,60
1248,24/06/2015,2,25,36,41,42,53
1247,27/06/2015,2,9,16,37,44,58
1246,01/07/2015,4,30,31,32,47,53
1245,04/07/2015,1,22,31,34,44,54
1244,07/07/2015,18,23,31,39,49,57
1243,09/07/2015,4,12,19,33,36,38
1242,11/07/2015,9,23,39,41,49,58
1241,15/07/2015,14,27,30,46,52,60
1240,18/07/2015,27,33,37,39,58,60
1239,22/07/2015,16,18,26,30,31,34
1238,25/07/2015,3,10,42,49,54,57
1237,29/07/2015,4,6,19,20,40,41
1236,01/08/2015,3,8,28,39,42,59
1235,04/08/2015,7,14,23,43,44,53
1234,06/08/2015,1,10,17,24,42,51
1233,08/08/2015,5,18,27,43,49,59
1232,12/08/2015,25,34,38,45,53,60
1231,15/08/2015,3,5,9,14,41,46
1230,19/08/2015,12,17,25,29,41,52
1229,22/08/2015,6,16,33,34,45,46
1228,26/08/2015,12,13,24,29,32,41
1227,29/08/2015,5,8,42,50,51,59
1226,02/09/2015,12,28,37,46,48,53
1225,05/09/2015,9,10,17,32,34,46
1224,09/09/2015,10,15,25,38,47,53
1223,12/09/2015,15,18,20,32,48,49
1222,16/09/2015,11,19,21,23,27,52
1221,19/09/2015,4,10,29,31,34,35
1220,23/09/2015,9,12,14,29,42,56
1219,26/09/2015,9,13,18,47,52,60
1218,30/09/2015,6,18,37,40,41,58
1217,03/10/2015,6,33,34,48,53,59
1216,07/10/2015,2,10,13,41,49,53
1215,10/10/2015,3,13,14,29,33,43
1214,13/10/2015,15,17,20,31,41,48
1213,15/10/2015,15,22,23,42,51,57
1212,17/10/2015,9,36,37,53,55,60
1211,21/10/2015,8,15,29,35,45,54
1210,24/10/2015,20,27,30,31,40,53
1209,28/10/2015,2,5,8,18,30,48
1208,31/10/2015,6,13,14,28,35,45
1207,04/11/2015,13,25,28,37,43,56
1206,07/11/2015,6,11,16,23,36,42
1205,10/11/2015,2,14,21,22,51,60
1204,13/11/2015,10,24,25,36,47,48
1203,14/11/2015,9,10,36,50,53,55
1202,18/11/2015,26,32,42,45,55,59
1201,21/11/2015,9,12,15,21,31,36
1200,25/11/2015,6,7,29,39,41,55
1199,28/11/2015,1,6,28,37,56,58
1198,02/12/2015,22,23,41,46,53,60
1197,05/12/2015,16,26,35,39,44,45
1196,09/12/2015,5,7,11,34,35,50
1195,12/12/2015,32,37,44,47,54,60
1194,16/12/2015,11,26,27,30,34,41
1193,19/12/2015,2,20,27,28,32,38
1192,22/12/2015,12,19,27,39,41,45
1191,24/12/2015,15,30,39,41,45,59
1190,26/12/2015,1,12,20,30,52,60
1189,31/12/2015,2,18,31,42,51,56
1188,02/01/2016,10,11,14,19,39,48
1187,06/01/2016,4,19,38,44,52,55
1186,09/01/2016,4,10,38,40,45,48
1185,12/01/2016,12,25,30,39,56,57
1184,14/01/2016,6,20,22,31,33,34
1183,16/01/2016,1,8,22,49,52,53
1182,20/01/2016,6,18,34,47,52,57
1181,23/01/2016,4,6,16,18,21,38
1180,27/01/2016,4,15,26,30,54,55
1179,30/01/2016,5,11,27,41,42,54
1178,02/02/2016,2,6,8,21,25,34
1177,04/02/2016,1,5,13,25,26,29
1176,06/02/2016,3,13,42,45,56,59
1175,10/02/2016,6,25,43,57,58,59
1174,13/02/2016,11,13,26,27,28,50
1173,17/02/2016,12,18,46,50,53,55
1172,20/02/2016,2,16,17,18,41,47
1171,24/02/2016,13,14,22,54,56,58
1170,27/02/2016,1,5,34,37,40,60
1169,02/03/2016,30,42,47,50,55,58
1168,05/03/2016,22,23,34,48,53,54
1167,08/03/2016,2,13,14,35,54,57
1166,10/03/2016,2,9,23,28,45,53
1165,12/03/2016,1,3,4,39,51,53
1164,16/03/2016,6,11,16,19,31,56
1163,19/03/2016,6,19,34,43,45,54
1162,23/03/2016,2,6,13,14,17,44
1161,26/03/2016,4,8,29,38,49,50
1160,30/03/2016,20,21,28,48,50,59
1159,02/04/2016,17,22,27,31,49,57
1158,06/04/2016,11,20,35,42,55,58
1157,09/04/2016,1,15,16,22,25,43
1156,13/04/2016,2,14,20,25,41,45
1155,16/04/2016,9,12,23,24,46,54
1154,20/04/2016,1,10,25,43,50,56
1153,23/04/2016,5,17,32,35,37,57
1152,27/04/2016,20,23,32,34,37,45
1151,30/04/2016,9,11,13,15,19,51
1150,03/05/2016,9,11,27,46,51,53
1149,05/05/2016,8,11,25,39,41,60
1148,07/05/2016,5,10,12,22,28,46
1147,11/05/2016,1,4,26,39,47,55
1146,14/05/2016,2,6,10,15,53,56
1145,18/05/2016,17,18,26,30,33,37
1144,21/05/2016,3,19,23,27,40,45
1143,25/05/2016,19,22,31,36,52,53
1142,28/05/2016,1,22,26,43,50,53
1141,01/06/2016,4,9,21,34,54,59
1140,04/06/2016,5,6,12,19,30,60
1139,07/06/2016,10,11,21,50,51,54
1138,09/06/2016,17,19,32,43,48,51
1137,11/06/2016,26,33,42,43,53,54
1136,15/06/2016,6,11,32,40,48,59
1135,18/06/2016,7,13,24,30,32,53
1134,22/06/2016,3,7,29,37,54,60
1133,25/06/2016,15,27,28,32,48,55
1132,29/06/2016,14,34,46,47,56,57
1131,02/07/2016,2,3,7,16,27,42
1130,06/07/2016,2,17,22,24,48,51
1129,09/07/2016,8,28,36,47,50,58
1128,12/07/2016,8,15,18,45,59,60
1127,14/07/2016,41,44,48,50,54,57
1126,16/07/2016,5,8,24,30,57,59
1125,20/07/2016,7,22,28,32,56,58
1124,23/07/2016,15,17,33,41,47,48
1123,27/07/2016,3,6,13,38,49,51
1122,30/07/2016,16,18,22,24,34,43
1121,03/08/2016,8,26,28,33,41,54
1120,06/08/2016,3,4,37,39,48,50
1119,09/08/2016,3,9,13,29,30,51
1118,11/08/2016,6,24,26,30,34,49
1117,13/08/2016,1,6,45,49,50,57
1116,17/08/2016,9,40,41,50,55,58
1115,20/08/2016,3,5,11,27,35,44
1114,24/08/2016,23,24,32,38,40,41
1113,27/08/2016,8,18,21,22,35,37
1112,31/08/2016,13,17,29,45,49,50
1111,03/09/2016,1,2,34,39,41,45
1110,08/09/2016,25,30,31,34,43,59
1109,10/09/2016,6,10,15,24,38,39
1108,14/09/2016,2,9,14,22,32,37
1107,17/09/2016,13,23,25,35,52,53
1106,20/09/2016,22,28,30,33,55,59
1105,22/09/2016,1,13,14,21,26,51
1104,24/09/2016,10,30,36,40,44,60
1103,28/09/2016,2,4,9,35,45,60
1102,01/10/2016,2,8,35,42,49,56
1101,05/10/2016,16,23,45,56,58,59
1100,08/10/2016,4,5,14,37,40,60
1099,13/10/2016,1,5,31,32,37,42
1098,15/10/2016,14,17,36,38,44,60
1097,18/10/2016,3,10,17,21,22,43
1096,20/10/2016,1,5,23,25,28,31
1095,22/10/2016,11,23,24,26,40,52
1094,26/10/2016,18,20,30,32,33,40
1093,29/10/2016,3,11,17,33,52,58
1092,03/11/2016,11,13,25,39,46,56
1091,05/11/2016,5,25,28,41,53,54
1090,08/11/2016,10,28,37,43,44,47
1089,10/11/2016,1,45,47,52,53,55
1088,12/11/2016,7,18,39,41,44,51
1087,16/11/2016,13,16,23,24,32,35
1086,19/11/2016,12,16,26,40,56,57
1085,23/11/2016,5,10,20,57,58,59
1084,26/11/2016,5,16,19,37,51,56
1083,30/11/2016,3,10,30,44,53,56
1082,03/12/2016,9,10,19,35,37,41
1081,07/12/2016,16,27,28,47,59,60
1080,10/12/2016,1,4,23,32,38,59
1079,14/12/2016,7,14,18,23,32,59
1078,17/12/2016,3,7,15,40,45,54
1077,20/12/2016,11,23,34,41,46,56
1076,22/12/2016,1,10,17,18,45,48
1075,24/12/2016,16,23,25,28,30,44
1074,31/12/2016,5,11,22,24,51,53
1073,04/01/2017,1,3,19,23,47,58
1072,07/01/2017,6,17,22,30,37,50
1071,11/01/2017,16,17,19,28,45,58
1070,14/01/2017,21,31,35,53,54,57
1069,18/01/2017,2,3,5,10,15,34
1068,21/01/2017,3,6,14,15,21,25
1067,25/01/2017,9,22,25,47,52,58
1066,28/01/2017,12,34,45,53,55,58
1065,01/02/2017,20,23,35,36,44,48
1064,04/02/2017,8,11,27,28,43,46
1063,08/02/2017,11,12,26,30,37,53
1062,11/02/2017,2,7,9,18,21,25
1061,15/02/2017,9,10,15,28,43,45
1060,18/02/2017,12,15,18,21,51,56
1059,21/02/2017,29,35,43,54,56,57
1058,23/02/2017,6,27,33,39,40,60
1057,25/02/2017,3,25,35,38,44,48
1056,01/03/2017,4,10,13,23,27,57
1055,04/03/2017,11,40,43,45,47,57
1054,08/03/2017,6,9,15,22,39,48
1053,11/03/2017,16,18,23,30,32,33
1052,15/03/2017,10,13,33,35,36,42
1051,18/03/2017,4,14,17,43,52,56
1050,22/03/2017,16,29,33,39,42,44
1049,25/03/2017,2,20,21,33,48,57
1048,29/03/2017,3,9,18,23,50,52
1047,01/04/2017,4,21,25,33,36,46
1046,05/04/2017,16,17,20,22,38,50
1045,08/04/2017,11,28,37,45,54,60
1044,12/04/2017,25,31,33,39,43,45
1043,15/04/2017,10,15,16,19,28,35
1042,19/04/2017,20,22,36,38,41,43
1041,22/04/2017,9,34,42,45,46,59
1040,26/04/2017,12,16,30,52,53,58
1039,29/04/2017,1,17,38,43,45,47
1038,03/05/2017,2,3,14,20,30,46
1037,06/05/2017,5,11,13,19,30,31
1036,09/05/2017,10,26,28,51,53,59
1035,11/05/2017,3,10,23,36,43,52
1034,13/05/2017,4,17,18,37,52,56
1033,17/05/2017,2,8,9,15,22,34
1032,20/05/2017,10,16,21,29,44,55
1031,24/05/2017,2,14,15,19,35,59
1030,27/05/2017,8,23,35,39,56,59
1029,31/05/2017,1,3,10,17,23,24
1028,03/06/2017,3,12,24,40,51,52
1027,07/06/2017,6,10,24,29,43,55
1026,10/06/2017,10,16,32,40,42,54
1025,14/06/2017,7,24,29,39,45,52
1024,17/06/2017,9,13,16,17,36,47
1023,21/06/2017,1,9,24,38,48,49
1022,24/06/2017,6,18,20,24,43,48
1021,28/06/2017,9,11,12,30,39,43
1020,01/07/2017,8,9,39,47,57,59
1019,04/07/2017,4,8,10,21,45,54
1018,06/07/2017,4,6,39,44,52,60
1017,08/07/2017,8,33,40,52,55,59
1016,12/07/2017,12,20,24,28,33,57
1015,15/07/2017,1,6,14,22,30,56
1014,19/07/2017,10,21,32,34,48,57
1013,22/07/2017,14,16,19,21,33,55
1012,26/07/2017,9,21,36,38,52,53
1011,29/07/2017,9,26,29,42,43,45
1010,02/08/2017,9,25,33,35,40,49
1009,05/08/2017,15,27,33,36,41,45
1008,08/08/2017,5,8,20,28,40,45
1007,10/08/2017,2,14,22,23,29,47
1006,12/08/2017,15,20,22,24,34,55
1005,16/08/2017,8,21,27,35,43,56
1004,19/08/2017,1,18,25,37,39,43
1003,23/08/2017,17,25,26,30,32,50
1002,26/08/2017,5,6,15,25,39,53
1001,30/08/2017,4,5,7,34,42,60
1000,02/09/2017,2,27,32,36,48,50
999,06/09/2017,26,28,35,38,48,55
998,09/09/2017,10,13,19,32,40,60
997,13/09/2017,13,30,32,39,46,54
996,16/09/2017,35,36,39,44,48,52
995,19/09/2017,8,20,30,32,48,59
994,21/09/2017,5,10,18,24,39,52
993,23/09/2017,4,10,41,44,52,54
992,27/09/2017,9,16,20,54,57,59
991,30/09/2017,1,12,16,17,52,60
990,04/10/2017,4,19,27,38,54,57
989,07/10/2017,8,11,24,26,47,57
988,11/10/2017,12,14,19,25,52,59
987,14/10/2017,3,16,28,32,34,37
986,17/10/2017,2,6,22,44,55,57
985,19/10/2017,22,23,29,32,38,45
984,21/10/2017,12,16,17,18,34,37
983,25/10/2017,6,15,19,37,39,53
982,28/10/2017,4,14,20,24,46,50
981,01/11/2017,5,6,10,14,22,36
980,04/11/2017,21,29,32,35,43,50
979,07/11/2017,9,28,29,34,36,55
978,09/11/2017,23,36,43,44,55,56
977,11/11/2017,10,14,31,34,45,58
976,16/11/2017,5,10,39,42,46,54
975,18/11/2017,15,22,30,32,40,58
974,22/11/2017,11,24,26,34,37,59
973,25/11/2017,19,20,28,34,36,44
972,29/11/2017,5,11,13,21,53,54
971,02/12/2017,6,17,33,48,50,57
970,06/12/2017,2,5,12,32,40,44
969,09/12/2017,14,26,29,35,37,39
968,13/12/2017,7,20,21,24,40,56
967,16/12/2017,1,7,14,31,35,46
966,19/12/2017,8,21,24,25,52,57
965,21/12/2017,15,37,38,42,49,50
964,31/12/2017,3,6,10,17,34,37
963,03/01/2018,20,22,36,42,52,60
962,06/01/2018,4,28,30,38,46,59
961,10/01/2018,28,34,40,43,50,51
960,13/01/2018,1,5,14,23,35,45
959,17/01/2018,11,19,22,33,34,53
958,20/01/2018,1,9,14,20,25,54
957,24/01/2018,4,14,39,41,54,58
956,27/01/2018,22,27,33,42,58,59
955,31/01/2018,1,37,44,46,48,50
954,03/02/2018,8,10,18,34,39,56
953,06/02/2018,2,28,32,35,54,58
952,08/02/2018,8,11,27,35,36,51
951,10/02/2018,6,23,30,36,53,56
950,14/02/2018,16,32,40,46,53,56
949,17/02/2018,17,18,27,32,39,58
948,21/02/2018,4,11,17,18,21,48
947,24/02/2018,2,10,11,24,38,56
946,28/02/2018,11,22,25,27,55,59
945,03/03/2018,23,41,46,52,54,59
944,07/03/2018,2,36,46,48,57,60
943,10/03/2018,7,14,32,37,40,60
942,14/03/2018,4,28,45,48,52,60
941,17/03/2018,1,6,7,8,23,56
940,21/03/2018,16,20,23,29,35,47
939,24/03/2018,4,24,46,52,55,56
938,28/03/2018,10,23,31,33,51,52
937,31/03/2018,11,15,29,37,39,44
936,04/04/2018,7,11,24,36,42,58
935,07/04/2018,6,15,18,33,37,40
934,11/04/2018,4,27,38,40,58,59
933,14/04/2018,18,23,37,39,50,55
932,17/04/2018,6,14,19,20,39,53
931,20/04/2018,10,18,33,38,40,43
930,25/04/2018,6,7,13,17,22,56
929,28/04/2018,30,35,36,38,49,52
928,02/05/2018,7,8,19,23,27,58
927,05/05/2018,14,16,23,30,45,60
926,08/05/2018,6,25,26,35,38,40
925,10/05/2018,6,12,22,28,31,44
924,12/05/2018,6,9,41,54,56,58
923,16/05/2018,10,12,22,25,42,54
922,19/05/2018,14,22,29,32,33,35
921,23/05/2018,21,38,53,56,57,58
920,26/05/2018,7,14,47,54,56,60
919,30/05/2018,15,25,27,45,46,50
918,02/06/2018,3,6,11,27,28,46
917,06/06/2018,1,18,19,29,44,54
916,09/06/2018,10,19,26,35,38,39
915,13/06/2018,10,19,27,31,51,53
914,16/06/2018,8,31,32,33,38,50
913,20/06/2018,1,5,6,37,44,53
912,23/06/2018,50,51,56,57,58,59
911,27/06/2018,12,22,27,37,40,55
910,30/06/2018,4,7,12,22,26,39
909,03/07/2018,6,25,35,43,46,53
908,05/07/2018,18,22,29,34,36,47
907,07/07/2018,10,13,20,37,38,54
906,11/07/2018,4,19,23,29,56,59
905,14/07/2018,4,5,36,40,44,56
904,18/07/2018,8,9,11,25,39,41
903,21/07/2018,33,36,40,44,45,54
902,25/07/2018,8,10,15,23,25,34
901,28/07/2018,6,10,19,24,25,29
900,01/08/2018,10,14,36,53,55,60
899,04/08/2018,4,11,20,30,37,43
898,08/08/2018,6,25,27,35,45,55
897,11/08/2018,2,11,13,26,32,59
896,14/08/2018,3,5,9,40,42,47
895,16/08/2018,3,17,34,35,40,48
894,18/08/2018,5,26,27,34,42,48
893,22/08/2018,24,33,34,35,46,60
892,25/08/2018,10,12,13,20,22,54
891,29/08/2018,12,15,18,30,52,55
890,01/09/2018,8,18,23,37,42,58
889,05/09/2018,7,9,23,33,57,59
888,08/09/2018,5,6,12,15,22,43
887,12/09/2018,13,16,26,35,37,39
886,15/09/2018,2,11,15,30,36,39
885,18/09/2018,1,2,14,37,55,58
884,20/09/2018,10,22,40,46,55,58
883,22/09/2018,13,18,35,40,41,42
882,26/09/2018,6,25,33,42,48,49
881,29/09/2018,1,18,19,33,56,60
880,03/10/2018,7,20,26,37,38,39
879,06/10/2018,12,21,25,37,38,49
878,10/10/2018,4,35,43,46,47,53
877,13/10/2018,2,18,19,23,34,53
876,17/10/2018,3,14,24,27,38,56
875,20/10/2018,5,10,32,38,48,49
874,23/10/2018,8,11,18,37,40,51
873,25/10/2018,10,11,12,37,38,59
872,27/10/2018,11,13,15,17,22,27
871,31/10/2018,8,14,27,34,52,54
870,03/11/2018,4,16,19,31,33,44
869,07/11/2018,16,29,35,43,49,56
868,10/11/2018,6,11,13,19,24,51
867,14/11/2018,9,24,28,45,49,51
866,17/11/2018,2,8,18,27,38,60
865,21/11/2018,5,15,20,27,30,58
864,24/11/2018,1,10,11,13,35,49
863,28/11/2018,2,8,18,37,56,58
862,01/12/2018,4,6,17,34,51,57
861,04/12/2018,3,13,40,44,46,50
860,06/12/2018,2,10,12,27,45,56
859,08/12/2018,11,13,16,24,31,46
858,12/12/2018,3,27,36,39,40,43
857,15/12/2018,8,38,44,50,56,60
856,18/12/2018,19,22,29,41,44,59
855,20/12/2018,4,12,16,34,44,49
854,31/12/2018,5,10,12,18,25,33
853,02/01/2019,1,41,44,46,54,58
852,05/01/2019,17,39,43,46,52,53
851,09/01/2019,11,14,21,25,46,50
850,12/01/2019,17,25,30,35,42,57
849,15/01/2019,4,19,27,35,40,44
848,17/01/2019,1,9,19,21,34,54
847,19/01/2019,4,28,29,30,43,52
846,23/01/2019,11,12,20,40,41,46
845,26/01/2019,19,21,26,31,42,49
844,30/01/2019,13,20,24,25,38,41
843,02/02/2019,8,10,17,29,37,40
842,06/02/2019,3,11,15,21,27,49
841,09/02/2019,14,15,47,50,56,59
840,13/02/2019,2,11,20,31,43,47
839,16/02/2019,1,31,44,46,53,58
838,20/02/2019,7,12,24,27,39,58
837,23/02/2019,1,7,28,30,44,46
836,26/02/2019,11,16,24,46,54,55
835,28/02/2019,6,12,31,32,46,60
834,02/03/2019,13,16,36,53,54,55
833,06/03/2019,2,3,6,18,20,28
832,09/03/2019,5,18,30,35,39,60
831,13/03/2019,19,20,26,51,52,57
830,16/03/2019,6,21,34,46,54,59
829,20/03/2019,9,23,28,40,48,59
828,23/03/2019,1,8,11,22,30,35
827,27/03/2019,1,2,11,12,34,49
826,30/03/2019,4,13,14,21,30,34
825,03/04/2019,14,23,29,41,57,58
824,06/04/2019,17,20,26,36,42,54
823,10/04/2019,10,11,17,19,37,41
822,13/04/2019,7,40,44,50,52,57
821,17/04/2019,2,12,35,51,57,58
820,20/04/2019,7,16,21,33,55,60
819,24/04/2019,6,8,28,51,53,59
818,27/04/2019,16,18,31,39,42,44
817,02/05/2019,17,19,37,41,42,49
816,04/05/2019,8,15,32,33,58,59
815,08/05/2019,21,23,37,44,46,48
814,11/05/2019,23,24,26,38,42,49
813,15/05/2019,2,14,18,29,36,38
812,18/05/2019,26,29,36,49,50,59
811,22/05/2019,8,13,28,31,32,33
810,25/05/2019,7,25,41,47,50,53
809,29/05/2019,2,6,27,37,44,47
808,01/06/2019,1,6,23,26,39,49
807,05/06/2019,31,33,34,35,39,48
806,08/06/2019,9,27,35,45,46,59
805,12/06/2019,14,26,35,38,45,53
804,15/06/2019,1,19,46,47,49,53
803,19/06/2019,8,9,10,24,42,44
802,22/06/2019,11,16,22,30,34,42
801,26/06/2019,8,18,20,24,36,45
800,29/06/2019,16,17,25,47,48,58
799,03/07/2019,5,37,43,49,54,56
798,06/07/2019,3,19,34,44,56,58
797,09/07/2019,27,37,38,43,45,54
796,11/07/2019,1,4,25,27,29,37
795,13/07/2019,7,34,45,51,54,59
794,17/07/2019,10,21,24,36,38,51
793,20/07/2019,12,13,19,36,44,55
792,24/07/2019,9,24,28,37,43,57
791,27/07/2019,2,9,42,44,48,50
790,31/07/2019,10,15,34,36,56,60
789,03/08/2019,7,25,32,43,53,55
788,06/08/2019,8,23,25,39,43,44
787,08/08/2019,9,11,14,31,48,51
786,10/08/2019,2,16,21,42,50,56
785,14/08/2019,2,13,24,35,50,54
784,17/08/2019,10,12,16,21,28,38
783,21/08/2019,1,8,19,33,36,48
782,24/08/2019,19,22,39,46,47,59
781,28/08/2019,13,26,30,34,43,51
780,31/08/2019,15,36,45,51,52,59
779,04/09/2019,9,18,19,22,42,47
778,09/09/2019,12,18,19,27,41,46
777,11/09/2019,10,11,16,21,46,50
776,14/09/2019,2,17,21,28,51,60
775,18/09/2019,4,11,16,22,29,33
774,21/09/2019,5,9,20,25,35,53
773,24/09/2019,4,8,26,33,46,53
772,26/09/2019,7,16,37,53,57,59
771,28/09/2019,7,8,22,27,29,42
770,02/10/2019,8,16,20,21,31,34
769,05/10/2019,14,24,32,38,46,53
768,09/10/2019,1,25,27,28,41,56
767,14/10/2019,3,11,29,35,44,57
766,16/10/2019,1,11,34,36,44,56
765,19/10/2019,15,23,30,35,38,44
764,22/10/2019,11,15,28,36,43,55
763,24/10/2019,3,13,23,41,49,53
762,26/10/2019,11,29,37,38,43,60
761,30/10/2019,17,34,46,49,50,57
760,04/11/2019,1,28,29,32,35,56
759,06/11/2019,12,21,28,37,42,57
758,09/11/2019,6,27,38,42,45,57
757,13/11/2019,6,10,11,43,53,55
756,16/11/2019,16,25,30,40,45,49
755,20/11/2019,22,25,28,32,33,47
754,23/11/2019,11,17,24,25,33,34
753,27/11/2019,27,36,40,41,44,54
752,30/11/2019,23,26,51,52,53,58
751,04/12/2019,5,7,10,32,46,60
750,07/12/2019,4,10,18,30,34,47
749,11/12/2019,1,19,21,23,33,43
748,14/12/2019,10,24,42,43,48,49
747,17/12/2019,10,14,16,30,32,36
746,19/12/2019,6,16,22,38,48,52
745,21/12/2019,8,28,36,45,57,59
744,31/12/2019,3,35,38,40,57,58
743,04/01/2020,5,23,34,45,56,57
742,08/01/2020,13,14,29,30,48,59
741,11/01/2020,2,26,40,42,49,56
740,15/01/2020,16,23,32,50,52,58
739,18/01/2020,1,32,37,44,46,47
738,21/01/2020,2,4,7,16,30,38
737,23/01/2020,6,9,12,27,32,57
736,25/01/2020,9,19,23,32,39,45
735,29/01/2020,6,11,29,40,41,58
734,01/02/2020,7,17,26,39,56,60
733,05/02/2020,4,13,25,40,53,57
732,08/02/2020,7,8,31,34,38,47
731,12/02/2020,4,6,32,35,41,45
730,15/02/2020,4,21,27,29,42,47
729,19/02/2020,14,18,30,35,55,57
728,22/02/2020,7,20,38,43,45,53
727,27/02/2020,11,20,27,28,53,60
726,29/02/2020,11,36,45,55,57,58
725,04/03/2020,7,27,31,39,45,46
724,07/03/2020,7,9,10,19,25,58
723,10/03/2020,1,13,18,26,40,56
722,12/03/2020,5,9,18,24,25,42
721,14/03/2020,14,18,28,35,38,54
720,18/03/2020,3,5,11,34,37,42
719,21/03/2020,11,14,15,18,33,34
718,25/03/2020,5,9,24,27,33,46
717,28/03/2020,1,42,44,47,48,53
716,01/04/2020,9,15,20,29,30,42
715,04/04/2020,4,9,31,47,49,53
714,08/04/2020,27,33,39,52,57,58
713,11/04/2020,5,15,22,26,54,58
712,15/04/2020,1,17,30,37,46,50
711,18/04/2020,31,32,33,39,52,55
710,22/04/2020,4,9,24,44,47,56
709,25/04/2020,15,20,39,41,49,57
708,29/04/2020,9,10,30,37,47,54
707,02/05/2020,18,21,30,31,34,51
706,05/05/2020,1,5,7,14,23,26
705,07/05/2020,20,27,41,54,56,58
704,09/05/2020,12,14,34,35,37,47
703,13/05/2020,7,23,26,27,29,51
702,16/05/2020,7,8,14,23,30,46
701,20/05/2020,9,24,33,43,49,57
700,23/05/2020,2,3,8,19,29,37
699,27/05/2020,14,20,23,39,46,50
698,30/05/2020,10,23,31,37,58,59
697,03/06/2020,20,32,33,48,49,53
696,06/06/2020,4,13,23,28,30,52
695,10/06/2020,1,11,14,23,29,55
694,13/06/2020,14,16,38,39,41,48
693,17/06/2020,6,10,27,28,41,52
692,20/06/2020,2,5,11,24,41,49
691,24/06/2020,15,16,20,38,40,58
690,27/06/2020,8,11,17,33,40,55
689,01/07/2020,2,4,25,36,50,53
688,04/07/2020,5,15,18,27,49,57
687,08/07/2020,10,22,23,37,53,60
686,11/07/2020,8,17,34,37,43,45
685,14/07/2020,5,12,14,20,27,28
684,16/07/2020,28,29,31,50,58,59
683,18/07/2020,14,27,35,40,50,55
682,22/07/2020,12,27,30,36,45,52
681,25/07/2020,4,24,37,43,59,60
680,29/07/2020,4,10,12,14,36,46
679,01/08/2020,1,7,10,12,33,42
678,05/08/2020,9,21,30,41,42,43
677,08/08/2020,2,4,6,29,41,56
676,11/08/2020,2,26,35,39,40,56
675,13/08/2020,6,9,34,37,38,45
674,15/08/2020,5,18,36,44,57,60
673,19/08/2020,12,26,31,36,37,49
672,22/08/2020,6,16,18,33,42,57
671,26/08/2020,1,2,10,37,42,48
670,29/08/2020,9,15,20,33,41,43
669,02/09/2020,6,13,26,28,35,41
668,05/09/2020,1,6,21,29,36,59
667,09/09/2020,20,22,35,40,41,59
666,12/09/2020,13,17,21,31,41,49
665,15/09/2020,2,3,19,40,44,60
664,17/09/2020,9,21,37,39,43,54
663,19/09/2020,17,18,35,36,47,52
662,23/09/2020,18,22,25,27,43,44
661,26/09/2020,3,7,17,20,48,50
660,30/09/2020,12,21,29,54,56,57
659,03/10/2020,7,16,22,38,55,57
658,07/10/2020,3,19,28,33,57,58
657,10/10/2020,16,33,38,46,53,55
656,14/10/2020,9,13,26,38,58,60
655,17/10/2020,9,11,29,30,33,60
654,20/10/2020,13,17,28,29,42,53
653,22/10/2020,3,5,9,35,43,60
652,24/10/2020,3,27,39,46,47,60
651,28/10/2020,3,20,26,45,49,58
650,31/10/2020,6,7,28,42,45,49
649,04/11/2020,1,10,17,26,30,53
648,07/11/2020,2,11,43,49,52,56
647,11/11/2020,3,8,30,33,35,48
646,14/11/2020,28,44,52,54,58,60
645,18/11/2020,6,17,25,35,40,49
644,21/11/2020,6,30,35,39,42,48
643,25/11/2020,14,25,28,41,43,46
642,28/11/2020,2,5,10,29,34,41
641,02/12/2020,20,27,35,39,50,59
640,05/12/2020,2,16,19,31,43,60
639,08/12/2020,33,34,37,46,52,60
638,10/12/2020,10,16,27,34,36,57
637,12/12/2020,30,37,45,54,57,58
636,16/12/2020,8,11,14,39,48,53
635,19/12/2020,12,14,28,42,45,55
634,31/12/2020,17,20,22,35,41,42
633,02/01/2021,11,13,16,36,53,57
632,06/01/2021,12,33,35,36,44,52
631,09/01/2021,9,16,31,41,53,55
630,13/01/2021,4,13,20,22,25,60
629,16/01/2021,9,18,23,42,47,49
628,20/01/2021,8,10,20,27,28,50
627,23/01/2021,2,9,34,49,51,55
626,26/01/2021,8,21,23,34,42,47
625,28/01/2021,4,18,29,47,48,59
624,30/01/2021,16,21,28,41,49,51
623,03/02/2021,4,9,31,32,42,46
622,06/02/2021,17,20,24,27,40,60
621,10/02/2021,4,31,42,45,49,56
620,13/02/2021,11,17,25,38,52,57
619,17/02/2021,7,16,19,22,28,55
618,20/02/2021,3,4,11,40,42,58
617,24/02/2021,8,9,17,30,58,60
616,27/02/2021,2,3,7,48,51,54
615,03/03/2021,5,10,25,32,49,54
614,06/03/2021,25,28,29,34,41,45
613,10/03/2021,19,22,35,41,47,49
612,13/03/2021,9,17,38,41,49,55
611,17/03/2021,3,19,34,41,48,53
610,20/03/2021,6,18,25,30,42,54
609,24/03/2021,7,30,31,41,50,56
608,27/03/2021,3,10,25,36,51,58
607,31/03/2021,19,28,30,34,40,51
606,03/04/2021,5,9,11,16,43,57
605,06/04/2021,31,32,39,42,43,51
604,08/04/2021,10,15,21,24,29,45
603,10/04/2021,14,21,22,29,35,46
602,14/04/2021,3,20,22,32,35,50
601,17/04/2021,6,14,24,34,39,58
600,22/04/2021,20,33,42,44,51,56
599,24/04/2021,1,17,28,37,44,50
598,28/04/2021,4,27,33,35,38,41
597,30/04/2021,5,23,29,34,53,60
596,04/05/2021,4,7,13,25,36,58
595,06/05/2021,4,9,17,19,37,60
594,08/05/2021,7,31,37,42,44,56
593,12/05/2021,4,15,30,36,39,48
592,15/05/2021,3,19,25,44,46,57
591,19/05/2021,23,24,26,44,49,60
590,22/05/2021,12,13,25,37,39,41
589,26/05/2021,2,6,44,46,53,58
588,29/05/2021,12,14,17,18,19,22
587,02/06/2021,5,18,29,35,43,44
586,05/06/2021,11,37,38,41,49,54
585,09/06/2021,2,8,26,32,46,56
584,12/06/2021,11,16,20,24,39,53
583,16/06/2021,7,23,32,41,42,47
582,19/06/2021,6,9,19,38,53,55
581,23/06/2021,13,15,16,20,40,41
580,26/06/2021,9,13,22,25,26,31
579,29/06/2021,12,24,32,37,43,60
578,01/07/2021,11,13,16,35,49,50
577,03/07/2021,8,26,30,31,38,48
576,07/07/2021,8,30,33,37,45,48
575,10/07/2021,16,30,37,39,40,51
574,14/07/2021,9,13,20,22,32,56
573,17/07/2021,5,8,13,27,36,50
572,21/07/2021,11,15,23,25,34,53
571,24/07/2021,26,27,28,32,38,51
570,28/07/2021,5,16,25,36,42,44
569,31/07/2021,4,11,12,44,45,57
568,04/08/2021,2,3,25,39,42,49
567,07/08/2021,6,14,20,39,46,48
566,10/08/2021,8,17,30,36,54,59
565,12/08/2021,27,35,42,44,51,52
564,14/08/2021,9,21,25,26,36,53
563,18/08/2021,8,11,13,33,38,48
562,21/08/2021,6,22,25,29,30,60
561,25/08/2021,10,12,14,32,33,34
560,28/08/2021,1,19,35,40,47,54
559,01/09/2021,21,38,48,49,53,59
558,04/09/2021,8,12,29,43,54,60
557,08/09/2021,13,17,31,43,54,55
556,11/09/2021,4,29,30,38,43,57
555,15/09/2021,2,29,39,49,52,58
554,18/09/2021,7,10,27,35,43,59
553,22/09/2021,7,26,29,34,43,44
552,25/09/2021,9,16,34,36,49,60
551,28/09/2021,3,22,37,40,41,48
550,30/09/2021,4,5,6,14,29,38
549,02/10/2021,10,12,26,29,35,60
548,06/10/2021,6,7,11,26,37,57
547,09/10/2021,3,7,10,11,27,46
546,13/10/2021,2,11,19,27,57,60
545,16/10/2021,10,35,43,48,50,53
544,19/10/2021,5,8,29,39,44,60
543,21/10/2021,2,3,32,35,48,57
542,23/10/2021,2,7,10,20,30,46
541,27/10/2021,16,18,38,48,51,60
540,30/10/2021,3,16,17,37,38,53
539,03/11/2021,10,31,38,46,49,54
538,06/11/2021,5,11,24,27,32,57
537,10/11/2021,3,19,25,37,44,56
536,13/11/2021,3,9,25,28,29,39
535,17/11/2021,11,37,53,55,56,60
534,20/11/2021,19,26,39,45,46,56
533,24/11/2021,8,11,22,25,26,36
532,27/11/2021,7,29,38,40,44,52
531,01/12/2021,8,9,32,52,53,57
530,04/12/2021,1,2,14,28,40,51
529,07/12/2021,5,22,30,32,33,36
528,09/12/2021,5,15,28,32,38,54
527,11/12/2021,1,19,41,46,48,55
526,15/12/2021,4,11,19,25,37,55
525,18/12/2021,2,8,34,38,47,51
524,31/12/2021,12,15,23,32,33,46
523,05/01/2022,9,41,42,46,47,54
522,08/01/2022,2,7,9,25,41,49
521,12/01/2022,1,5,12,13,17,31
520,15/01/2022,15,17,20,35,37,43
519,19/01/2022,11,25,32,37,47,56
518,22/01/2022,1,13,27,41,51,58
517,25/01/2022,13,19,29,42,49,52
516,27/01/2022,18,30,32,35,40,48
515,29/01/2022,14,20,21,31,49,52
514,02/02/2022,2,6,11,15,17,39
513,05/02/2022,13,26,31,46,51,60
512,09/02/2022,8,10,51,56,57,58
511,12/02/2022,10,14,15,24,34,44
510,16/02/2022,9,14,22,24,44,47
509,19/02/2022,21,38,50,53,56,59
508,22/02/2022,28,34,40,41,52,55
507,24/02/2022,10,19,46,47,49,50
506,26/02/2022,15,40,44,45,47,51
505,03/03/2022,15,24,33,49,53,59
504,05/03/2022,16,17,18,28,35,47
503,09/03/2022,8,11,16,21,32,37
502,12/03/2022,3,16,23,41,45,57
501,16/03/2022,11,16,31,37,42,51
500,19/03/2022,2,7,24,43,52,56
499,23/03/2022,3,8,23,29,53,54
498,26/03/2022,2,3,13,20,53,54
497,30/03/2022,1,10,19,34,35,45
496,02/04/2022,22,35,41,42,53,57
495,06/04/2022,5,28,30,38,52,55
494,09/04/2022,8,33,40,42,48,51
493,13/04/2022,8,23,29,30,36,55
492,16/04/2022,5,13,18,23,35,36
491,20/04/2022,15,18,28,42,55,60
490,23/04/2022,22,30,38,39,49,56
489,26/04/2022,1,40,44,45,58,60
488,28/04/2022,2,7,32,46,49,55
487,30/04/2022,20,33,37,38,49,50
486,04/05/2022,2,17,23,28,39,46
485,07/05/2022,10,15,17,20,21,35
484,11/05/2022,4,6,9,31,50,56
483,14/05/2022,1,8,21,27,36,37
482,18/05/2022,1,32,35,44,45,57
481,21/05/2022,20,34,38,40,49,54
480,25/05/2022,11,14,36,41,54,59
479,28/05/2022,5,12,32,38,47,60
478,31/05/2022,8,9,17,19,33,56
477,02/06/2022,23,36,42,48,54,58
476,04/06/2022,17,31,34,40,56,57
475,08/06/2022,3,10,13,25,41,42
474,11/06/2022,11,16,17,41,46,59
473,15/06/2022,22,29,38,43,48,53
472,18/06/2022,10,30,31,33,42,52
471,22/06/2022,4,9,37,43,44,56
470,25/06/2022,1,4,10,22,53,54
469,28/06/2022,8,12,14,30,33,41
468,30/06/2022,7,26,31,38,46,58
467,02/07/2022,5,14,23,46,48,52
466,06/07/2022,9,12,26,29,46,47
465,09/07/2022,11,19,38,47,56,59
464,13/07/2022,5,16,25,32,39,55
463,16/07/2022,11,27,32,40,58,59
462,20/07/2022,16,20,21,39,44,55
461,23/07/2022,3,14,16,38,43,45
460,27/07/2022,14,33,41,42,44,55
459,30/07/2022,3,5,19,26,43,51
458,02/08/2022,21,22,29,34,40,44
457,04/08/2022,4,6,12,34,35,53
456,06/08/2022,41,45,48,51,53,58
455,10/08/2022,8,37,39,50,59,60
454,13/08/2022,8,13,25,32,44,57
453,17/08/2022,4,10,15,39,41,49
452,20/08/2022,7,10,34,47,49,52
451,24/08/2022,13,19,21,35,46,50
450,27/08/2022,5,15,24,34,45,52
449,31/08/2022,3,12,19,41,45,54
448,03/09/2022,8,17,49,51,52,53
447,08/09/2022,1,5,6,16,22,39
446,10/09/2022,3,22,23,44,53,60
445,13/09/2022,3,8,20,36,38,57
444,15/09/2022,2,17,22,41,58,60
443,17/09/2022,23,28,33,38,55,59
442,21/09/2022,4,5,25,32,39,40
441,24/09/2022,1,10,27,36,37,45
440,28/09/2022,3,20,22,37,41,43
439,01/10/2022,4,13,21,26,47,51
438,05/10/2022,2,16,24,38,43,59
437,08/10/2022,8,19,29,38,48,56
436,13/10/2022,4,15,22,53,56,60
435,15/10/2022,3,5,32,56,57,59
434,18/10/2022,14,17,18,28,30,44
433,20/10/2022,1,5,18,49,55,56
432,22/10/2022,10,14,17,18,23,30
431,26/10/2022,17,18,20,37,45,53
430,29/10/2022,28,36,39,44,56,60
429,03/11/2022,1,3,24,37,51,56
428,05/11/2022,9,22,27,30,33,45
427,09/11/2022,12,24,26,31,37,48
426,12/11/2022,6,15,19,20,33,52
425,16/11/2022,1,23,32,33,36,59
424,19/11/2022,2,8,28,34,41,49
423,22/11/2022,10,28,45,47,57,59
422,24/11/2022,12,20,22,25,26,55
421,26/11/2022,2,5,27,30,46,53
420,30/11/2022,25,38,45,53,55,56
419,03/12/2022,20,23,32,36,39,57
418,07/12/2022,3,23,28,34,38,48
417,10/12/2022,10,25,31,37,38,57
416,14/12/2022,9,15,23,25,29,30
415,17/12/2022,1,6,10,30,33,35
414,31/12/2022,4,5,10,34,58,59
413,04/01/2023,1,25,29,43,46,48
412,07/01/2023,5,24,25,33,38,41
411,10/01/2023,13,15,53,54,55,58
410,12/01/2023,19,25,43,44,48,49
409,14/01/2023,3,20,45,52,53,58
408,18/01/2023,2,6,10,14,34,56
407,21/01/2023,3,13,16,25,27,33
406,25/01/2023,2,10,18,25,34,44
405,28/01/2023,9,12,20,30,32,35
404,01/02/2023,4,5,17,20,48,52
403,04/02/2023,19,22,37,44,51,56
402,08/02/2023,6,12,32,44,51,57
401,11/02/2023,5,9,14,30,38,50
400,14/02/2023,7,8,14,19,32,45
399,16/02/2023,9,13,25,39,46,54
398,18/02/2023,11,23,45,53,57,59
397,23/02/2023,10,11,19,33,58,60
396,25/02/2023,16,22,29,35,38,49
395,01/03/2023,6,7,25,28,31,52
394,04/03/2023,8,18,26,27,47,50
393,08/03/2023,9,18,33,38,41,51
392,11/03/2023,3,7,15,22,24,50
391,14/03/2023,6,26,32,35,37,49
390,16/03/2023,12,17,43,44,48,60
389,18/03/2023,4,12,14,41,46,53
388,22/03/2023,29,32,33,35,38,43
387,25/03/2023,12,18,22,31,44,50
386,29/03/2023,37,39,47,50,59,60
385,01/04/2023,5,10,26,35,38,44
384,05/04/2023,3,4,13,29,36,43
383,08/04/2023,14,17,32,36,39,60
382,12/04/2023,10,14,17,19,21,34
381,15/04/2023,2,20,27,30,52,59
380,19/04/2023,1,5,12,36,53,55
379,22/04/2023,14,26,34,36,43,59
378,26/04/2023,10,18,41,49,53,59
377,29/04/2023,5,10,11,22,23,37
376,03/05/2023,9,13,22,31,57,58
375,06/05/2023,1,15,16,25,32,36
374,09/05/2023,2,12,28,36,43,48
373,11/05/2023,10,11,21,23,28,30
372,13/05/2023,15,17,28,34,35,51
371,17/05/2023,10,14,17,25,32,39
370,20/05/2023,7,26,32,35,49,55
369,24/05/2023,1,13,34,39,50,52
368,27/05/2023,34,35,39,47,51,56
367,31/05/2023,14,26,34,54,56,58
366,03/06/2023,7,14,24,53,58,60
365,07/06/2023,23,28,34,43,47,60
364,10/06/2023,4,18,37,38,46,60
363,14/06/2023,3,8,34,40,44,55
362,17/06/2023,11,14,16,30,32,46
361,21/06/2023,3,7,13,29,52,56
360,24/06/2023,16,17,19,22,46,57
359,27/06/2023,5,11,26,35,46,54
358,29/06/2023,2,10,16,32,45,49
357,01/07/2023,7,11,25,51,57,60
356,05/07/2023,7,13,17,24,29,52
355,08/07/2023,3,21,27,32,35,60
354,12/07/2023,10,23,34,53,55,57
353,15/07/2023,4,12,18,21,25,49
352,19/07/2023,20,27,34,44,50,54
351,22/07/2023,14,26,40,42,46,52
350,25/07/2023,3,8,13,14,19,25
349,27/07/2023,5,7,22,23,41,59
348,29/07/2023,6,16,23,35,38,49
347,02/08/2023,3,14,36,42,43,44
346,05/08/2023,6,17,29,35,45,48
345,09/08/2023,5,36,39,41,44,50
344,12/08/2023,4,6,13,21,26,28
343,16/08/2023,6,9,14,16,42,47
342,19/08/2023,9,19,22,24,50,60
341,22/08/2023,10,15,20,35,37,59
340,24/08/2023,5,31,37,47,52,58
339,26/08/2023,9,10,35,44,55,58
338,29/08/2023,1,9,13,16,52,59
337,31/08/2023,13,25,31,43,57,58
336,02/09/2023,5,14,32,40,53,54
335,05/09/2023,11,32,35,40,41,48
334,09/09/2023,14,18,22,26,31,38
333,12/09/2023,14,26,36,39,50,53
332,14/09/2023,5,10,27,38,56,57
331,16/09/2023,2,23,25,33,45,54
330,19/09/2023,8,27,28,32,48,56
329,21/09/2023,6,11,29,37,56,58
328,23/09/2023,5,16,38,42,43,48
327,26/09/2023,1,2,10,32,34,59
326,28/09/2023,9,30,34,44,54,55
325,30/09/2023,2,8,11,22,48,49
324,03/10/2023,4,8,10,27,28,32
323,05/10/2023,9,24,34,39,45,50
322,07/10/2023,8,13,31,33,49,50
321,10/10/2023,2,10,29,31,56,59
320,14/10/2023,4,17,22,28,30,49
319,17/10/2023,8,22,34,42,51,59
318,19/10/2023,18,28,30,39,41,58
317,21/10/2023,9,33,39,43,50,54
316,24/10/2023,20,44,45,46,56,59
315,26/10/2023,6,11,26,32,46,56
314,28/10/2023,9,18,29,37,39,58
313,01/11/2023,6,23,35,36,37,59
312,04/11/2023,13,23,26,29,45,59
311,07/11/2023,14,32,41,43,48,60
310,09/11/2023,11,17,23,36,47,51
309,11/11/2023,10,23,30,31,49,56
308,14/11/2023,20,24,27,46,57,58
307,18/11/2023,7,27,32,33,36,53
306,21/11/2023,5,13,39,51,58,60
305,23/11/2023,11,36,46,53,55,60
304,25/11/2023,6,12,13,20,38,60
303,28/11/2023,6,30,35,38,41,56
302,30/11/2023,17,20,31,34,40,42
301,02/12/2023,7,11,27,41,56,59
300,05/12/2023,12,15,17,30,40,52
299,07/12/2023,3,14,21,22,37,39
298,09/12/2023,5,25,29,30,43,47
297,12/12/2023,1,4,8,21,46,51
296,14/12/2023,1,27,30,41,46,57
295,16/12/2023,4,7,16,35,46,54
294,31/12/2023,21,24,33,41,48,56
293,04/01/2024,16,19,43,53,57,58
292,06/01/2024,10,13,20,40,43,56
291,09/01/2024,4,27,35,45,52,56
290,11/01/2024,8,14,15,21,23,46
289,13/01/2024,1,26,31,34,42,45
288,16/01/2024,4,6,14,19,22,29
287,18/01/2024,3,7,32,34,42,54
286,20/01/2024,10,13,16,18,37,54
285,23/01/2024,7,18,20,26,38,51
284,25/01/2024,3,11,42,45,46,57
283,27/01/2024,10,20,30,42,47,53
282,30/01/2024,4,17,29,30,52,58
281,01/02/2024,1,3,23,27,47,57
280,03/02/2024,17,26,45,46,48,53
279,06/02/2024,9,16,31,46,47,51
278,08/02/2024,6,12,20,41,43,59
277,10/02/2024,2,4,24,30,34,50
276,15/02/2024,12,17,33,41,46,54
275,17/02/2024,9,16,20,47,48,52
274,20/02/2024,9,28,33,43,45,55
273,22/02/2024,13,15,28,37,40,57
272,24/02/2024,9,33,45,55,56,59
271,27/02/2024,11,29,44,45,46,50
270,29/02/2024,7,20,22,29,41,58
269,02/03/2024,15,17,32,33,34,40
268,05/03/2024,4,13,18,39,55,59
267,07/03/2024,10,11,13,25,27,42
266,09/03/2024,2,18,19,35,45,60
265,12/03/2024,9,23,31,49,54,58
264,14/03/2024,1,11,19,20,28,48
263,16/03/2024,6,15,18,31,32,47
262,19/03/2024,6,13,20,34,40,46
261,21/03/2024,3,7,11,35,38,56
260,23/03/2024,3,7,10,25,31,52
259,26/03/2024,2,16,22,27,35,47
258,30/03/2024,10,11,17,24,30,45
257,02/04/2024,7,9,11,39,54,57
256,04/04/2024,10,11,12,19,23,28
255,06/04/2024,12,22,23,24,47,53
254,09/04/2024,5,6,25,42,44,50
253,11/04/2024,14,36,38,46,55,60
252,13/04/2024,7,15,19,35,40,42
251,16/04/2024,9,23,25,26,35,58
250,18/04/2024,16,17,42,45,52,57
249,20/04/2024,7,19,25,46,50,53
248,23/04/2024,5,20,27,28,48,49
247,25/04/2024,6,22,34,36,44,50
246,27/04/2024,6,30,34,41,46,59
245,30/04/2024,16,25,27,30,42,48
244,04/05/2024,8,15,16,23,42,43
243,07/05/2024,9,10,11,25,46,48
242,09/05/2024,19,23,25,36,44,46
241,11/05/2024,6,12,19,28,50,60
240,14/05/2024,11,21,24,26,42,54
239,16/05/2024,2,10,32,33,38,47
238,18/05/2024,27,45,49,53,55,59
237,21/05/2024,4,32,39,48,51,57
236,23/05/2024,2,9,11,25,43,51
235,25/05/2024,20,27,41,47,53,54
234,28/05/2024,7,24,29,41,46,60
233,01/06/2024,4,12,32,45,49,58
232,04/06/2024,1,3,16,18,49,60
231,06/06/2024,14,20,21,39,44,56
230,08/06/2024,21,27,35,48,59,60
229,11/06/2024,5,33,46,47,53,59
228,13/06/2024,11,17,24,26,35,43
227,15/06/2024,16,20,30,34,37,45
226,18/06/2024,2,19,25,44,46,60
225,20/06/2024,19,25,37,45,47,53
224,22/06/2024,13,16,17,34,41,47
223,25/06/2024,1,33,35,39,42,56
222,27/06/2024,2,11,25,32,37,57
221,29/06/2024,13,25,27,30,37,53
220,02/07/2024,10,25,26,33,34,38
219,04/07/2024,2,5,7,11,52,57
218,06/07/2024,22,27,30,43,51,56
217,10/07/2024,14,17,24,28,36,45
216,13/07/2024,19,32,43,46,50,52
215,16/07/2024,8,25,27,38,43,44
214,18/07/2024,7,11,12,19,36,52
213,20/07/2024,4,13,18,42,52,53
212,23/07/2024,4,15,24,40,44,47
211,25/07/2024,6,26,31,46,52,55
210,27/07/2024,10,14,44,55,56,58
209,30/07/2024,7,13,17,33,41,58
208,01/08/2024,1,6,13,18,43,46
207,03/08/2024,1,21,37,40,51,54
206,06/08/2024,19,35,36,37,41,60
205,08/08/2024,3,10,38,40,48,59
204,10/08/2024,8,11,19,39,47,48
203,13/08/2024,3,22,34,44,49,57
202,15/08/2024,1,17,30,40,48,50
201,17/08/2024,15,16,19,43,44,49
200,20/08/2024,20,31,34,38,42,51
199,22/08/2024,8,12,34,39,43,47
198,24/08/2024,9,10,34,36,38,44
197,27/08/2024,14,21,42,47,50,59
196,29/08/2024,2,12,18,28,32,33
195,31/08/2024,10,16,35,46,49,60
194,03/09/2024,21,28,37,44,50,60
193,06/09/2024,7,13,14,33,38,50
192,10/09/2024,1,12,33,41,53,56
191,12/09/2024,19,23,32,34,38,57
190,14/09/2024,6,16,22,24,38,50
189,17/09/2024,1,4,14,26,44,51
188,19/09/2024,5,17,22,37,51,52
187,21/09/2024,2,13,21,38,42,52
186,24/09/2024,20,33,34,40,43,57
185,26/09/2024,14,19,32,44,51,54
184,28/09/2024,7,9,10,14,46,53
183,01/10/2024,10,31,35,45,50,55
182,03/10/2024,6,11,16,25,28,45
181,05/10/2024,7,30,38,39,43,54
180,08/10/2024,27,30,35,44,57,59
179,11/10/2024,20,27,48,50,57,59
178,16/10/2024,6,11,17,20,40,51
177,19/10/2024,8,10,23,34,36,50
176,22/10/2024,23,37,39,47,52,56
175,24/10/2024,3,17,18,19,20,55
174,26/10/2024,29,32,40,42,49,58
173,29/10/2024,2,3,11,25,37,43
172,01/11/2024,16,22,33,34,49,59
171,05/11/2024,7,9,25,37,57,59
170,07/11/2024,3,9,14,20,28,52
169,09/11/2024,13,16,33,43,46,55
168,13/11/2024,3,6,14,33,55,58
167,16/11/2024,1,3,15,25,45,52
166,19/11/2024,3,9,18,54,59,60
165,23/11/2024,1,31,38,40,45,60
164,26/11/2024,1,13,19,46,50,57
163,28/11/2024,25,27,33,46,48,56
162,30/11/2024,17,21,26,28,32,60
161,03/12/2024,1,20,32,43,57,59
160,05/12/2024,14,24,25,31,33,60
159,07/12/2024,1,6,24,47,55,58
158,10/12/2024,5,11,13,33,45,46
157,12/12/2024,8,25,49,52,55,56
156,14/12/2024,10,24,33,35,41,46
155,17/12/2024,2,4,15,28,34,39
154,31/12/2024,1,17,19,29,50,57
153,04/01/2025,8,27,36,37,39,45
152,07/01/2025,15,18,27,31,39,42
151,09/01/2025,10,21,32,38,51,58
150,11/01/2025,11,17,19,26,49,54
149,14/01/2025,5,20,28,38,50,53
148,16/01/2025,4,17,19,20,40,48
147,18/01/2025,24,30,43,46,55,60
146,21/01/2025,7,10,12,15,25,47
145,23/01/2025,11,12,39,43,46,50
144,25/01/2025,6,15,19,25,32,42
143,28/01/2025,14,22,30,33,44,45
142,30/01/2025,29,39,46,47,53,56
141,01/02/2025,7,15,21,37,57,60
140,04/02/2025,4,16,34,43,54,57
139,06/02/2025,2,38,50,54,58,59
138,08/02/2025,6,10,20,54,58,60
137,11/02/2025,1,11,13,27,45,59
136,13/02/2025,15,21,25,55,58,59
135,15/02/2025,13,22,38,46,51,56
134,18/02/2025,1,28,34,36,51,52
133,20/02/2025,2,9,32,38,48,55
132,22/02/2025,2,12,18,21,24,37
131,25/02/2025,1,3,13,16,36,56
130,27/02/2025,5,8,11,15,39,47
129,01/03/2025,9,24,27,36,43,54
128,06/03/2025,1,6,10,30,42,50
127,08/03/2025,3,14,34,35,42,50
126,11/03/2025,4,7,29,32,36,53
125,13/03/2025,27,30,37,40,46,47
124,15/03/2025,1,33,39,49,57,60
123,18/03/2025,4,5,12,34,36,48
122,20/03/2025,4,8,49,51,52,55
121,22/03/2025,1,37,39,40,43,59
120,25/03/2025,7,20,31,54,55,58
119,27/03/2025,10,31,40,52,54,56
118,29/03/2025,1,12,16,17,25,57
117,01/04/2025,3,5,22,35,53,56
116,03/04/2025,5,14,19,29,30,54
115,05/04/2025,13,19,25,29,31,43
114,08/04/2025,1,2,15,26,43,50
113,10/04/2025,5,6,17,37,43,54
112,12/04/2025,6,22,24,49,53,56
111,15/04/2025,4,18,23,48,53,56
110,19/04/2025,2,13,16,31,44,55
109,24/04/2025,12,16,24,31,51,55
108,26/04/2025,3,5,10,27,38,48
107,29/04/2025,2,18,28,38,41,50
106,03/05/2025,8,18,27,28,48,52
105,06/05/2025,7,8,15,17,20,51
104,08/05/2025,2,5,17,24,38,57
103,10/05/2025,2,21,27,46,51,53
102,13/05/2025,2,4,14,18,22,44
101,15/05/2025,5,23,32,34,47,56
100,17/05/2025,5,6,15,17,31,53
99,20/05/2025,2,25,30,39,47,51
98,22/05/2025,1,12,17,19,36,60
97,24/05/2025,5,9,15,24,25,60
96,27/05/2025,10,19,22,26,38,51
95,29/05/2025,2,10,13,40,41,53
94,31/05/2025,6,13,15,19,32,60
93,03/06/2025,4,19,38,43,48,55
92,05/06/2025,8,23,32,34,35,57
91,07/06/2025,4,5,17,27,52,56
90,10/06/2025,4,5,9,17,49,53
89,12/06/2025,6,15,31,38,40,49
88,14/06/2025,9,31,32,40,45,55
87,17/06/2025,3,5,15,37,54,57
86,21/06/2025,15,16,43,46,47,51
85,24/06/2025,11,20,29,47,52,56
84,26/06/2025,8,14,15,33,34,54
83,28/06/2025,11,13,16,34,35,39
82,01/07/2025,11,15,19,23,49,51
81,03/07/2025,1,40,43,56,57,60
80,05/07/2025,5,31,34,37,52,56
79,08/07/2025,10,25,28,36,37,56
78,10/07/2025,2,13,19,20,55,59
77,12/07/2025,14,29,30,50,53,57
76,15/07/2025,3,9,15,27,39,59
75,17/07/2025,13,16,36,39,40,55
74,19/07/2025,15,16,18,32,35,54
73,22/07/2025,19,24,26,34,35,54
72,24/07/2025,14,24,36,44,46,54
71,26/07/2025,10,40,41,45,48,50
70,29/07/2025,5,21,24,25,29,49
69,31/07/2025,9,11,44,51,52,56
68,02/08/2025,8,9,12,16,43,53
67,05/08/2025,1,6,24,27,28,57
66,07/08/2025,14,23,30,32,38,48
65,09/08/2025,10,22,28,42,44,51
64,12/08/2025,33,50,54,55,59,60
63,14/08/2025,2,20,28,38,44,47
62,16/08/2025,8,21,22,42,45,48
61,19/08/2025,20,24,27,46,50,54
60,21/08/2025,2,37,38,46,52,55
59,23/08/2025,4,17,18,26,43,52
58,26/08/2025,17,33,37,41,46,49
57,28/08/2025,30,33,42,44,52,56
56,30/08/2025,20,35,36,37,38,50
55,02/09/2025,8,21,31,41,53,58
54,04/09/2025,3,4,11,15,28,29
53,06/09/2025,23,27,32,54,56,59
52,09/09/2025,9,25,37,41,51,59
51,11/09/2025,17,21,34,52,55,60
50,13/09/2025,18,25,35,40,46,47
49,16/09/2025,10,11,15,38,52,60
48,18/09/2025,5,11,16,27,40,45
47,20/09/2025,6,19,38,41,46,57
46,23/09/2025,11,27,31,41,48,54
45,25/09/2025,3,26,28,37,42,53
44,27/09/2025,8,12,16,19,31,58
43,30/09/2025,9,12,14,16,26,36
42,02/10/2025,4,23,30,39,40,41
41,04/10/2025,18,27,32,39,55,56
40,07/10/2025,10,19,30,40,48,54
39,09/10/2025,7,9,12,13,24,27
38,11/10/2025,3,4,14,35,45,49
37,14/10/2025,11,27,34,55,56,58
36,16/10/2025,14,24,29,32,46,48
35,18/10/2025,3,7,8,34,35,51
34,21/10/2025,1,11,13,14,36,45
33,23/10/2025,4,19,23,36,47,52
32,25/10/2025,4,13,25,36,40,53
31,28/10/2025,1,18,22,42,48,50
30,30/10/2025,9,17,23,26,33,59
29,01/11/2025,9,18,28,34,38,57
28,04/11/2025,4,7,9,15,29,32
27,06/11/2025,12,17,26,34,44,52
26,08/11/2025,10,14,15,35,44,56
25,11/11/2025,22,31,33,37,42,49
24,14/11/2025,7,8,9,13,22,53
23,18/11/2025,14,30,33,35,48,51
22,22/11/2025,12,30,40,46,54,60
21,25/11/2025,8,29,30,36,39,60
20,27/11/2025,8,15,23,39,40,59
19,29/11/2025,1,2,3,7,27,33
18,02/12/2025,4,13,17,21,49,54
17,04/12/2025,4,10,15,37,39,44
16,06/12/2025,6,24,37,52,53,58
15,09/12/2025,4,6,11,38,49,54
14,11/12/2025,21,23,42,49,50,60
13,13/12/2025,5,8,30,31,37,45
12,16/12/2025,1,20,45,48,51,58
11,18/12/2025,5,10,24,25,47,54
10,20/12/2025,1,9,37,39,42,44
9,01/01/2026,9,13,21,32,33,59
8,06/01/2026,10,18,21,24,43,47
7,08/01/2026,19,28,36,37,48,52
6,10/01/2026,7,9,14,35,42,49
5,13/01/2026,18,26,35,41,44,45
4,15/01/2026,3,13,15,16,46,47
3,17/01/2026,10,13,55,56,59,60
2,20/01/2026,6,29,33,38,53,56
1,22/01/2026,6,20,34,44,53,57
